relative_path,size_bytes,sha256,status
.gitignore,114,7c0a8377cd19375a7535f1b4d0b394180649efe68c784332046357904b47c275,OK
CITATION.cff,881,48a6528703c8d0686edc84d7e3a48f6f2a21a592c11e19c5cde1d64e93dffd76,OK
config/config_fold3_teacher_vhr_repair_20260613.yaml,6800,f1ce6460ba10e5890510f12e95baf551602df7dd94295a68ff44d912958ae849,OK
config/config_public_reproduction_20260615.yaml,6612,8777c341fd292b5b160c12068b611c4b40396886751fcf540fa999ae42ec148e,OK
data/features_fold3_teacher_vhr_repair_20260613/B0.csv,87558,763358d723bb58649d62643ca683969d9bd50a6ead9d7ca2c5949b69fb27d4de,OK
data/features_fold3_teacher_vhr_repair_20260613/B1.csv,134216,46d795ff1fec5942933cc3add1e6f34cc677a30a137b72e63d4f3abcd7fbc157,OK
data/features_fold3_teacher_vhr_repair_20260613/B2.csv,823955,0c704cf370157bf1a3e7dfeaf91e2fb8fa030b62cbc9be843caf05c97118ef33,OK
data/features_fold3_teacher_vhr_repair_20260613/B3.csv,951455,caa3d31c380f92dbac2eac1558ae130727ecc731c1e900e19e9f6f8686bbb915,OK
data/landscape_covariates.csv,82534,18818d6d3d65027ba4f19978fc45d15de4ce579083cbf6ccfce701ee9e60c26d,OK
data/REFERENCE_LABEL_SEMANTICS.md,908,3ba15625903d08226c9da01ff2b57f453718b311a431f32d105725d4bc88d483,OK
data/reference_samples_verified_622_public.csv,208900,65f609617b4ed309a149123e08c6a41ffd2179382285c2ef6aa39fa5c6bea072,OK
docs/DATA_AVAILABILITY.md,655,e3ed0b7c68901f49e88e14075cf012a35e7949c0c49ecb00ed622f2c83f21faa,OK
docs/FILE_MAP.md,673,3d9a9d96a87fe58ef26dfdb9cb60a28c499a8d5c0fad1a5bbeee4559081eac2d,OK
docs/KNOWN_LIMITATIONS.md,786,505c9cbdc25241d51c65ae0067bd3b788f1cf3bb4d5eb9517e6038e38f9e2432,OK
docs/POINT_LEVEL_IMAGERY_DATES.md,345,87e8c99558c9904866f9e8be88ceb4391809c8fadd67b0968f7eb268af15abcf,OK
docs/PUBLIC_REUSE_NOTES.md,524,623a055d746b00d701d95a47378baa1dba8abd07f73e687eaa3b34fca93d5979,OK
docs/REPRODUCIBILITY.md,881,5dfbe7fcc7f3c73a423ef07a2bcaa294f94ce4e8cec110afd4ac8d7e2319722c,OK
docs/THIRD_PARTY_DATA_NOTICE.md,765,c7694fc07ca19392cade8764f19f54e74c7612da04848d77a52f10f00c366414,OK
docs/VALIDATION_QUEUE_STATUS.md,319,92015214024353ea8a274b70c02925fd193ddcef6873ed5736d819c14a766647,OK
figures/manuscript/Figure_10_error_guided_validation_plan.pdf,14691,9d34ac0891a8358998c717571f7f5128b88e07794d253589bcc5edd1f36b90c2,OK
figures/manuscript/Figure_10_error_guided_validation_plan.png,151655,e86964a7706b7d5e7be2a75bff69e17af307cf21d1c85c4cd57a83f30923d9bd,OK
figures/manuscript/Figure_11_B2_RF_confusion_matrices.pdf,22461,f0e95cb31e21a3af1ea88ac348be72f027e6c7cbf48aefc9dac61ae6f4d0d56e,OK
figures/manuscript/Figure_11_B2_RF_confusion_matrices.png,381356,f4f13bd00294ec5b3ca04759fe55627fc01be12d0c6f03b5de11b5421cf1c49b,OK
figures/manuscript/Figure_12_transfer_similarity.pdf,727746,36876eae3ad6f48b195ea8379318a7d08cc211a8703874b76df59cef344220e2,OK
figures/manuscript/Figure_12_transfer_similarity.png,1564307,86971d84f5ba690c3d909f5b8855e3460d9138915fc056ba0ad5ba62c7a3d50b,OK
figures/manuscript/Figure_13_planar_validation_risk_map.pdf,36496,f276c90916ba2c052743d655b6f95ed3ab87bdda8238c7d1fac4b1961557300c,OK
figures/manuscript/Figure_13_planar_validation_risk_map.png,364982,4e033018db2ab3157a927265ea1ff4b27bd14dfc1bce3d2d9b7131b0f89e896f,OK
figures/manuscript/Figure_1_workflow.pdf,33159,b501b2e54e438f4fe801a36422d1d745fe773427e722ef0211e6bc8f913522bc,OK
figures/manuscript/Figure_1_workflow.png,794955,1a61e2875dd9493f32116c938e2839f702e0939f0a53b6782f7066ed8c3d761c,OK
figures/manuscript/Figure_2_original_label_benchmark_map.pdf,6855516,66a4b522c5fa500272cd1fe4d7ff14b1ef62ea9c120b721b1630c9bfb31a0b54,OK
figures/manuscript/Figure_2_original_label_benchmark_map.png,1288556,5d1b73bed91b959dfcca33a9dae41079251835fb1ac0944161553bb2e0f370ad,OK
figures/manuscript/Figure_3_random_vs_spatial_accuracy.pdf,26979,748e36e18500e3f4549fc95467fd8400eb0a3655999b70eec434a1e6f38b94ca,OK
figures/manuscript/Figure_3_random_vs_spatial_accuracy.png,353566,da6625ada7c1f7db95f89e5c14b520dad2da1f6ff4b2418d4b8cfe3ec0ab3326,OK
figures/manuscript/Figure_4_conformal_coverage.pdf,14037,2463f813538d8977d34403260ae8b5f820c08dfaa7de9521135e872d2ef7e055,OK
figures/manuscript/Figure_4_conformal_coverage.png,123293,90a8b530c396245d5b5b90dd91b8edfd4b13adc20752259d51c5c2fe724980a5,OK
figures/manuscript/Figure_5_landscape_regression.pdf,27236,b315c2e75ca654329babad1fbe4853d0b9379f318b430ecbb9f9309c8dc9d4c3,OK
figures/manuscript/Figure_5_landscape_regression.png,677806,b2ebd11a498f993975bbdf1246eb135aa550e7760bb5e6015754ae5e4a831bd1,OK
figures/manuscript/Figure_6_transfer_accuracy.pdf,15535,fac4b309e71ee1f4203a26157dd07c9370ceb20891944112a5e4c1b62f74a092,OK
figures/manuscript/Figure_6_transfer_accuracy.png,148906,32a21341456c608ab984a0abd9c4bdc3a41e67358aac8d69e4329e7f20ed7158,OK
figures/manuscript/Figure_7_strict_spatial_error_map.pdf,793334,4076c5192000d71d49b9f9845b6ce4014fe0290fd0cba0ec8e75a00ae752dceb,OK
figures/manuscript/Figure_7_strict_spatial_error_map.png,2126816,f3ecbe2c07183a534711ae93067a6f41640f608584cf7db240f2c562a05f6515,OK
figures/manuscript/Figure_8_prediction_disagreement_map.pdf,840329,4b9858cb6091f6fecc99dbbe7002294551b2e4e1276bb7a7ebe3bacd2d3d24fb,OK
figures/manuscript/Figure_8_prediction_disagreement_map.png,2622764,5298b914171b18b1607abd8b05562d3a5645223f71e0ff700e8fd7687a5fba2b,OK
figures/manuscript/Figure_9_spatial_cv_sensitivity.pdf,16323,1f25b0368d962db6feb0796d6fb797468b6f7f9d5116d3acea22cca768f6626d,OK
figures/manuscript/Figure_9_spatial_cv_sensitivity.png,231345,b220d9c0f81d8d1ed1cc2583d78f499de3ff9c0ec39bd644c3a7b521d34c58e8,OK
figures/variogram/variogram_indicator_ranges.pdf,20375,fc289753cce69bc0a0d9dc5ac4e7ef1fa19a1752903b31e42c007afd5c2d18df,OK
figures/variogram/variogram_indicator_ranges.png,233011,0bc7a01fdda9029237ea10f0c8b49e2c587374cc09e5259b8e06ff40ba374c74,OK
figures/variogram/variogram_indicator_ranges_plot_provenance.json,411,ac3b114fb901501e0dcf2e46eeda6fd61b6f48bdc8bd16d5bcb152005f5c60fe,OK
LICENSE,444,c19d17ed51b52f0c172a8075bb28e88b6414dd1bf3039f1215010e56994544dc,OK
README.md,4077,ecfb0334a3f13252248908de762541284ee90ea06bbc72e0753506d762b42124,OK
requirements.txt,118,bea8f2b2c44ea43b2f5cef27df20f94cf84f82d486b1188f5f391c063bdb6847,OK
results/active_q25_rerun/class_counts_verified.csv,1008,235dbca38bdf5f9298f7a929393653bd01ca975887b24086451620bba9085a3c,OK
results/active_q25_rerun/feature_missing_value_policy_audit.csv,1438,910bd80b5cb3f2cc1322d6b90e55308d3babdfe6d552b6c88068c27bf95c8465,OK
results/active_q25_rerun/fold3_teacher_vhr_merge_audit_20260613.csv,3715,cc5b8d11216da08d831ecf368a7466388e5497370d656a2261dbb7a6552e32db,OK
results/active_q25_rerun/fold3_teacher_vhr_merge_audit_20260613.json,992,5e7c686c5b735d3a4663fd945ffc1d673146720883269edf62cb8a711135968a,OK
results/active_q25_rerun/fold3_teacher_vhr_rerun_QA_summary_20260613.json,4954,0f36b87ed8b82cc1061f5976adcf547f992755a5263bcdfabfe0d4ae4768e329,OK
results/active_q25_rerun/gee_asset_bands_live_20260612T171934Z.csv,689,b3247fd0441ad1b731b7a8d2b03c3fedb762d27d3aabc676a9e613c7ab5c6d35,OK
results/active_q25_rerun/gee_asset_bands_live_20260612T172156Z.csv,689,b3247fd0441ad1b731b7a8d2b03c3fedb762d27d3aabc676a9e613c7ab5c6d35,OK
results/active_q25_rerun/gee_asset_bands_live_20260612T172216Z.csv,689,b3247fd0441ad1b731b7a8d2b03c3fedb762d27d3aabc676a9e613c7ab5c6d35,OK
results/active_q25_rerun/gee_asset_bands_live_20260612T172238Z.csv,689,b3247fd0441ad1b731b7a8d2b03c3fedb762d27d3aabc676a9e613c7ab5c6d35,OK
results/active_q25_rerun/gee_asset_bands_live_20260612T172259Z.csv,689,b3247fd0441ad1b731b7a8d2b03c3fedb762d27d3aabc676a9e613c7ab5c6d35,OK
results/active_q25_rerun/gee_asset_verification.csv,2899,3e975032582ff20ec5506037c9581b31c631e4d8145445dba28b664bfdcde3da,OK
results/active_q25_rerun/gee_feature_export_log_20260612T171934Z.csv,784,ed8c0415e78ab2146c2eabddef3fa31d4ac29f8c91c897fd249645b6324c07bc,OK
results/active_q25_rerun/gee_feature_export_log_20260612T172156Z.csv,292,97742e02ba698c9712a4f1ae7c9f882b90c5c09f941fba96579ac9d97eba9290,OK
results/active_q25_rerun/gee_feature_export_log_20260612T172216Z.csv,292,6c1c00c47b4bf0ad00802e64be7669b2f75d977b7417d27dd12b6a34fcc59a9f,OK
results/active_q25_rerun/gee_feature_export_log_20260612T172238Z.csv,289,112cdb6715ad53313bf25e5300a9d2cd3043d1c0253e66b40378a090230d12ef,OK
results/active_q25_rerun/gee_feature_export_log_20260612T172259Z.csv,292,553831e06030dc9564597064d24fd75ad27deec8bbadb4e79c566f368e163eb5,OK
results/active_q25_rerun/per_class_metrics.csv,102057,eeac072812c7b12040b18321cb3f2571a11d7a15cd8493c3b2444eaeee8b5270,OK
results/active_q25_rerun/predictions_by_fold.csv,2643717,eaee1f77746f6762bd3b03293d6eb9cd0534c662a5eb89a8613f85f91bdea52a,OK
results/active_q25_rerun/provenance.json,8926,f8b015b79450c925c2e50ceb86312b64dc79c4851f8eaada06631d4fda755ebe,OK
results/active_q25_rerun/reference_sample_audit.csv,231,4fb7e8ea773308e8b937c8a67bcd81bc883c6d31ce1e079eb7c5597f06a9a6c6,OK
results/active_q25_rerun/RUN_LOG_20260612T172442Z.txt,16373,25a695405433d32b6180b426f23de11955c633cbf1f094037a9ead41a499788f,OK
results/active_q25_rerun/RUN_LOG_20260612T173210Z.txt,15880,e07a98f24d76f5de21f845e23c985210096c4f58aeefd448b0dd1f68c5ff7cc3,OK
results/active_q25_rerun/run_status.csv,336,7f317d9b3c431bb628e1c4fc88297bb130906f8c756d5c1cddf4b623607b04fc,OK
results/active_q25_rerun/spatial_conformal_split_audit.csv,765,3eb8a2cb9efe239524a5bda1fba0950a63567b154bb2b2d9d3508b4b0aa7fa7a,OK
results/active_q25_rerun/spatial_fold_leakage_audit.csv,941,279f1ac2385814a0d0b0b0a0c1e691f1d07eb146d06cb0a7fa1a7b7eeb8f50b0,OK
results/active_q25_rerun/study_area_audit.csv,268,0c44c93b6186d8aaaab29020463d23d568163700607d63c5f9e5ed11222cc81f,OK
results/active_q25_rerun/table10_leave_region_out_transfer.csv,20447,056bddde8ad6dc6843a10756c5cd92da642cb0ca17bf8bf06912e95abd002204,OK
results/active_q25_rerun/table10_leave_region_out_transfer_per_class.csv,80939,f435e8b84524aa558a759f8c62d1728e310909ca97842716abcf0f1844f1cc56,OK
results/active_q25_rerun/table11_region_transfer_conformal.csv,20657,ed3eef42b0722563871d85d8b7c91798e33d0f1d8e416188df750f333f4f2d9d,OK
results/active_q25_rerun/table12_region_transfer_morans_i.csv,20273,9d1c602a56b4db3f72fd7ffd7b86d620c93238821f41536cfa4134c6b4a3697d,OK
results/active_q25_rerun/table3_accuracy_by_stack_split.csv,17429,824ddc9273f1171529f8c888b0ba4dba80975b9882ead9866d600e83f0a0d01e,OK
results/active_q25_rerun/table4_optimism_gap.csv,3477,5152714ee9f5df508cf6e15eec560304bdad725b239304dda9c5ebdd025c41b5,OK
results/active_q25_rerun/table5_alphaearth_contrasts.csv,3714,bd20346243d93f919bb3cc2fe54ee1e535c6aa94bdc515dd84c69086ee3753d6,OK
results/active_q25_rerun/table6_ece.csv,15571,35056623d6914b40e876ffa11fdc8760c85caea93e0670b639ebbf91909b89d3,OK
results/active_q25_rerun/table7_conformal.csv,4392,75f1213f8077a8d3d6c64f089aa37f035819c8970187228427da265e18453512,OK
results/active_q25_rerun/table8_morans_i.csv,13986,cb745ae53f4cc2659aaae16538e921dc25ace18cae9ace3f3c40b07267dc744d,OK
results/active_q25_rerun/table9_landscape_regression.csv,5218,99171c49c688c8edf9e456403b7338a8f0712716568223c277e5a45c4272a7b5,OK
results/active_q25_rerun/topjournal_transfer_experiment_provenance.json,879,e5fd42fc6409eed6729f5dcbca24f4184ec019a24d916ae13ff61397990b244d,OK
results/active_q25_rerun/transfer_missing_value_policy_audit.csv,1438,3bb139cf2687937da8ce4da63c9a01a0200b99c3fe81e3475afc72dd3890d43c,OK
results/active_q25_rerun/variogram_bins.csv,492,ce515eca29caccb3838ce456a834b7de4e8f0d5db4c3840e6d080b0e6c93d7d4,OK
results/active_q25_rerun/variogram_choice.json,1209,f827c6fa24640c611463db53f394b1f35ae7f98c8afb40600fc856278aeed868,OK
results/evidence_summary/accuracy_summary.csv,990,517f619cdbc71c9c57ae3b3ebd066953e9cddda3afc4507a5df8400418cc1dbc,OK
results/evidence_summary/class_counts.csv,191,9492b79bd7723aec4c66f73f0915a8713ab8b7140dd0a51e61d652d566333cc5,OK
results/evidence_summary/conformal_summary.csv,4392,5c507defc33742a877da31add3084a6a49a348d41f5cc55ce9f1a4db3d38cd62,OK
results/evidence_summary/ece_summary.csv,693,9076f65d0f3e4e98010b1d2c2f6025ae49c748bbe6d34677be7e9450101e98f5,OK
results/evidence_summary/feature_stack_diagnostics.csv,218,7739a67ddc523d8bb1fc8ceff75462bbb4d0baff5351bc5f572e03d5299284de,OK
results/evidence_summary/fold3_teacher_vhr_alphaearth_spatial_fold_level_differences_20260613.csv,1381,bbf56fd78bb95dfa3e7d615bebdd6bac8b717c29a4b70694395c546ec1fbe9f1,OK
results/evidence_summary/fold3_teacher_vhr_alphaearth_spatial_paired_bootstrap_20260613.csv,1536,8a542c5ea16956cbcc38abbac8477906edf92e6ddcd7afab8438a1226221c042,OK
results/evidence_summary/fold3_teacher_vhr_alphaearth_spatial_paired_bootstrap_20260613.md,810,b4f10d905979d6b2e2d23a98f57fe8e8935e53e97e802265c4e640c0838ed042,OK
results/evidence_summary/fold3_teacher_vhr_landscape_regression_fdr_audit_20260613.csv,7149,204ebf72aa5da65feb2c36af13b693127fc44cc8e02b39079a8e3c6d9c1f1915,OK
results/evidence_summary/fold3_teacher_vhr_landscape_regression_fdr_audit_20260613.md,1024,58218a8ed1f80ffa2b2260061d8190bb0b5c60623cbbaad79b16dc5c27867a3b,OK
results/evidence_summary/fold3_teacher_vhr_q25_block_distance_rule_selection_audit_20260613.csv,1616,05b517b57c7ecc02313e4dec4877f85201b4a1950a2cbce7dbb5ed3e7f76d1c6,OK
results/evidence_summary/fold3_teacher_vhr_q25_block_distance_rule_selection_audit_20260613.md,915,7a477716331f1e5a215ea7640b9495159c14b196bdefebef5fbadd818f851f85,OK
results/evidence_summary/fold3_teacher_vhr_revision_audits_provenance_20260613.json,825,f6469f7a9dd0ef64122a864c6587dbad60969b5398226c0449e3b49627bb4ece,OK
results/evidence_summary/landscape_regression_top.csv,2840,6658a162667202b13943ef70f2a36545026b7d009d98c1ad548bf028b15ee4b7,OK
results/evidence_summary/targeted_user_confirmed_80_result_summary.json,5031,090c1ee63729621e76534d68bd8f755540ae9a2ed6a939dc99395d2c4615c37f,OK
results/evidence_summary/transfer_accuracy_summary.csv,5441,8d380770af0293675f3d4ae582251c07a64bbaf8ca5b3f52301d8b31d37cecce,OK
results/evidence_summary/transfer_conformal_summary.csv,20646,932d5858bd1d8626b4ac5241a89d4e03062e6aec34ce9a677bdeed574a78f07f,OK
results/point_imagery_dates/point_level_public_sentinel2_imagery_dates_20260616.csv,446140,0e2b7e827c74d8188bf36c4edc88fe4f460d46370a46dfaadc3ceaab3a29c0d8,OK
results/point_imagery_dates/point_level_public_sentinel2_imagery_dates_summary_20260616.json,2194,6ba56c8c3e176be25d214b4b0062b51ba74d9a87d191a6413afe29d3128d0eea,OK
results/point_imagery_dates/README.md,576,59cc5d8a9de6c950bb7b5c1150afa347d1865bed7de81d86f47b7b7cd396ef1a,OK
results/point_imagery_dates/RUN_LOG_point_imagery_dates_20260615T181001Z.txt,2194,6ba56c8c3e176be25d214b4b0062b51ba74d9a87d191a6413afe29d3128d0eea,OK
results/region_calibration_evidence/region_specific_calibration_manifest_20260613.json,2962,07a3ee63af58a0acd7d9cc683b7241ae1f03ec0beed0bb48797b726a1aabc099,OK
results/region_calibration_evidence/rubber_belt_region_specific_calibration_detail_20260613.csv,81239,1c5ee374364f1a137ac56d06f4ae106868b12e370c4a06b5b073a50321a7dc3a,OK
results/region_calibration_evidence/rubber_belt_region_specific_calibration_summary_20260613.csv,4702,6402aa4a005cd84af3e8dc7cdb44784edc3525811074bb1685757b4839ec90ff,OK
results/review_planning/fig10_provenance.json,672,a8cd0981a07e20c260c60320087cb225ae5a163d1d4f3d781ba47058c082f726,OK
results/review_planning/README.md,367,54afa24d1e69e06b0a80447eda277e687ba626a810ae8ec656b4828a1167d9ac,OK
results/review_planning/sample_level_failure_disagreement.csv,195182,c5c8918d13538e5bebafb11576cce3b2202feaa03668e5d801a691a0e2ad6bd6,OK
results/review_planning/table15_error_guided_validation_plan.csv,1766,02f7a2bf059e6e9e0910ea22baeba07496c96018006bd95314ad8d13122b86b5,OK
results/review_planning/targeted_validation_candidate_summary_review_planning_20260613.csv,4300,f3b93d37c533f820f1055b164eeea099679ecb756f19da36d1cb2417d11c0715,OK
results/review_planning/targeted_validation_queue_reconstruction_provenance_20260613.json,1345,3ff221b80a246b7fbe967ebf12c38228e19e93ef9a444544fa67716aa8ac2434,OK
results/reviewer_risk_evidence/conformal_informativeness_primary_RF_20260613.csv,1306,8cf0bfdf0d5310fe77062a34e25e6ab1c96ea676ea52738117a394a82997c0fc,OK
results/reviewer_risk_evidence/fold3_support_sensitivity_B2_RF_20260613.csv,1202,eda4e3b2f8bf173a894e74c5d39829fba0fdf05f8d16a358e2685ba33e176eb2,OK
results/reviewer_risk_evidence/fold3_support_sensitivity_summary_B2_RF_20260613.csv,667,faccf8f8bcc2b59c0f5561984b4d7e7e4ef74214ae8d3623c4dec22456bd9ad8,OK
results/reviewer_risk_evidence/q25_distance_sensitivity_primary_RF_20260613.csv,2575,da8c8ee55056f39f363c5d5595a5eecad8053800e3a48e5aba80feb08e229589,OK
results/reviewer_risk_evidence/reviewer_risk_evidence_manifest_20260613.json,1954,a46804ced7fd88d4c00a9a04fab7c5153a6142aefc4ac86a9fb62dc45498831b,OK
results/reviewer_risk_evidence/rubber_belt_B2_B3_transfer_consistency_20260613.csv,592,c635600dbbf6321153ecdc229e3c83117d3cbcb1b3c82b5a13a245abea97cceb,OK
results/second_round_evidence/conformal_coverage_audit_20260613.csv,8283,b0c8d7c76e952903fd87bc2c48f68eaa9b05a780c17e1fd01e68cc70d5af7519,OK
results/second_round_evidence/conformal_random_undercoverage_summary_20260613.csv,1331,f7b9e75d0ea11b0fc5ecb5663c4eb5dcb7784a049b69782e6e8d87e4049de7b1,OK
results/second_round_evidence/confusion_matrix_B2_RF_random_spatial_counts_20260613.csv,26305,26095354997523196dee71e0e24d724f2a57a19c5b57d3d2090099a9392a833b,OK
results/second_round_evidence/confusion_matrix_B2_RF_random_spatial_row_normalized_20260613.csv,27384,6231c71efcc37179263a511462d7e0e6176c4e1e80b2b87af42743c187a824b2,OK
results/second_round_evidence/confusion_matrix_B2_RF_summary_20260613.csv,1018,5e00c6383cf67668ba0e0916078bdd1ab42740f99ee5e3c599a6c94b9496d48d,OK
results/second_round_evidence/figure_resolution_audit_20260613.csv,6681,f64ee39163e6e9a44d3a0628dba3b86b003f948f678127c391513b0305b2cd52,OK
results/second_round_evidence/method_completeness_audit_20260613.csv,3299,18ab183fa008a089a77082938df63d626140686d6c2458fa7895b5051ff1d583,OK
results/second_round_evidence/metrics_dispersion_summary_20260613.csv,8666,45aa0d1612e264307b0d2fbd5775b256f8cd93bc9888c19d7e77f3018be5ebef,OK
results/second_round_evidence/primary_b2_rf_headline_audit_20260613.csv,2215,b40f8339725a6c9aee0605c2bca28aae43e63ffd5582562c199076abbf79aad7,OK
results/second_round_evidence/region_class_counts_20260613.csv,9945,0446556f1e9d26fdd45f251f0a8368edddd82fe231391b6e1ae2f9c3c8b68a52,OK
results/second_round_evidence/region_transfer_similarity_20260613.csv,5232,03227d230439ff4b209d8dd4a030fdb7b420f069dc63135629e85057bf81b4aa,OK
results/second_round_evidence/rubber_belt_calibration_majority_baseline_detail_20260613.csv,145508,c921a711647015657b2d800ae70693236a1215dcd777829a9fc9bd54046715bc,OK
results/second_round_evidence/rubber_belt_calibration_majority_baseline_summary_20260613.csv,5466,17a68b4b63f457ef82b594ba8e3925901f3284486b33bd53767966634e7ea624,OK
results/second_round_evidence/sample_design_audit_20260613.csv,2767,8562285da800811322b1844ea7b267f1e231b6cfdaad4b7404978c9ab82dfd87,OK
results/second_round_evidence/second_round_reviewer_evidence_manifest_20260613.json,15256,76d1d52037b2ed6bbddc3b16e66164cd96918d87f904d9f97fdc5e97455404e7,OK
results/second_round_evidence/temporal_alignment_audit_20260613.csv,1434,10bac166bbdc40b3ae522567f3270b118ec9874b6d2dcd92087222b598965304,OK
results/spatial_sensitivity/README.md,373,54ae8e852a686d2f277d762086ee0df2c84cded255d73476a1df69a8770773c9,OK
results/spatial_sensitivity/RUN_LOG_20260612T172827Z.txt,1563,ae3988c45103944a82f9f973571d2b9fad67cfea5b052b63d28f6abc8bb7b5fa,OK
results/spatial_sensitivity/RUN_LOG_20260612T173903Z.txt,1557,8a36f394f8a9bf124e31ef177b71e2872345996b5ca36e41e081c5c960391192,OK
results/spatial_sensitivity/spatial_cv_sensitivity_fold_audit.csv,8178,171ba4812be88f547673195c5c2d161912812fafb0d3f21981d22baa6481b91e,OK
results/spatial_sensitivity/spatial_cv_sensitivity_missing_value_policy_audit.csv,1585,d85b80482da3d0b309554c59f1f5b0518ae0e0b92e465a21dceca6c0ad330938,OK
results/spatial_sensitivity/spatial_cv_sensitivity_predictions.csv,9242593,e650df31114fb7a77f0c042bc4cd84a9e47afd6a1cad929f1957c30005cc9a5f,OK
results/spatial_sensitivity/table13_spatial_cv_sensitivity.csv,75828,30149f3d2cef9443610f9bca18024292a335ddea730f81c3d2dc218dcca1d53d,OK
results/spatial_sensitivity/table13_spatial_cv_sensitivity_summary.csv,14191,65b4a68892b6ff698ac2d686708e073e1c6100a167e497bbfb4043c64718ea0f,OK
results/spatial_sensitivity/topjournal_improvements_provenance.json,1557,8a36f394f8a9bf124e31ef177b71e2872345996b5ca36e41e081c5c960391192,OK
results/supplementary_reproducibility_20260720/active_q25_rerun/class_counts_verified.csv,1008,235dbca38bdf5f9298f7a929393653bd01ca975887b24086451620bba9085a3c,OK
results/supplementary_reproducibility_20260720/active_q25_rerun/feature_missing_value_policy_audit.csv,1438,910bd80b5cb3f2cc1322d6b90e55308d3babdfe6d552b6c88068c27bf95c8465,OK
results/supplementary_reproducibility_20260720/active_q25_rerun/fold3_teacher_vhr_merge_audit_20260613.csv,3715,cc5b8d11216da08d831ecf368a7466388e5497370d656a2261dbb7a6552e32db,OK
results/supplementary_reproducibility_20260720/active_q25_rerun/fold3_teacher_vhr_merge_audit_20260613.json,992,5e7c686c5b735d3a4663fd945ffc1d673146720883269edf62cb8a711135968a,OK
results/supplementary_reproducibility_20260720/active_q25_rerun/fold3_teacher_vhr_rerun_QA_summary_20260613.json,4954,0f36b87ed8b82cc1061f5976adcf547f992755a5263bcdfabfe0d4ae4768e329,OK
results/supplementary_reproducibility_20260720/active_q25_rerun/gee_asset_bands_live_20260612T171934Z.csv,689,b3247fd0441ad1b731b7a8d2b03c3fedb762d27d3aabc676a9e613c7ab5c6d35,OK
results/supplementary_reproducibility_20260720/active_q25_rerun/gee_asset_bands_live_20260612T172156Z.csv,689,b3247fd0441ad1b731b7a8d2b03c3fedb762d27d3aabc676a9e613c7ab5c6d35,OK
results/supplementary_reproducibility_20260720/active_q25_rerun/gee_asset_bands_live_20260612T172216Z.csv,689,b3247fd0441ad1b731b7a8d2b03c3fedb762d27d3aabc676a9e613c7ab5c6d35,OK
results/supplementary_reproducibility_20260720/active_q25_rerun/gee_asset_bands_live_20260612T172238Z.csv,689,b3247fd0441ad1b731b7a8d2b03c3fedb762d27d3aabc676a9e613c7ab5c6d35,OK
results/supplementary_reproducibility_20260720/active_q25_rerun/gee_asset_bands_live_20260612T172259Z.csv,689,b3247fd0441ad1b731b7a8d2b03c3fedb762d27d3aabc676a9e613c7ab5c6d35,OK
results/supplementary_reproducibility_20260720/active_q25_rerun/gee_asset_verification.csv,2899,3e975032582ff20ec5506037c9581b31c631e4d8145445dba28b664bfdcde3da,OK
results/supplementary_reproducibility_20260720/active_q25_rerun/gee_feature_export_log_20260612T171934Z.csv,784,ed8c0415e78ab2146c2eabddef3fa31d4ac29f8c91c897fd249645b6324c07bc,OK
results/supplementary_reproducibility_20260720/active_q25_rerun/gee_feature_export_log_20260612T172156Z.csv,292,97742e02ba698c9712a4f1ae7c9f882b90c5c09f941fba96579ac9d97eba9290,OK
results/supplementary_reproducibility_20260720/active_q25_rerun/gee_feature_export_log_20260612T172216Z.csv,292,6c1c00c47b4bf0ad00802e64be7669b2f75d977b7417d27dd12b6a34fcc59a9f,OK
results/supplementary_reproducibility_20260720/active_q25_rerun/gee_feature_export_log_20260612T172238Z.csv,289,112cdb6715ad53313bf25e5300a9d2cd3043d1c0253e66b40378a090230d12ef,OK
results/supplementary_reproducibility_20260720/active_q25_rerun/gee_feature_export_log_20260612T172259Z.csv,292,553831e06030dc9564597064d24fd75ad27deec8bbadb4e79c566f368e163eb5,OK
results/supplementary_reproducibility_20260720/active_q25_rerun/per_class_metrics.csv,102057,eeac072812c7b12040b18321cb3f2571a11d7a15cd8493c3b2444eaeee8b5270,OK
results/supplementary_reproducibility_20260720/active_q25_rerun/predictions_by_fold.csv,2643717,eaee1f77746f6762bd3b03293d6eb9cd0534c662a5eb89a8613f85f91bdea52a,OK
results/supplementary_reproducibility_20260720/active_q25_rerun/provenance.json,8926,f8b015b79450c925c2e50ceb86312b64dc79c4851f8eaada06631d4fda755ebe,OK
results/supplementary_reproducibility_20260720/active_q25_rerun/reference_sample_audit.csv,231,4fb7e8ea773308e8b937c8a67bcd81bc883c6d31ce1e079eb7c5597f06a9a6c6,OK
results/supplementary_reproducibility_20260720/active_q25_rerun/RUN_LOG_20260612T172442Z.txt,16373,25a695405433d32b6180b426f23de11955c633cbf1f094037a9ead41a499788f,OK
results/supplementary_reproducibility_20260720/active_q25_rerun/RUN_LOG_20260612T173210Z.txt,15880,e07a98f24d76f5de21f845e23c985210096c4f58aeefd448b0dd1f68c5ff7cc3,OK
results/supplementary_reproducibility_20260720/active_q25_rerun/run_status.csv,336,7f317d9b3c431bb628e1c4fc88297bb130906f8c756d5c1cddf4b623607b04fc,OK
results/supplementary_reproducibility_20260720/active_q25_rerun/spatial_conformal_split_audit.csv,765,3eb8a2cb9efe239524a5bda1fba0950a63567b154bb2b2d9d3508b4b0aa7fa7a,OK
results/supplementary_reproducibility_20260720/active_q25_rerun/spatial_fold_leakage_audit.csv,941,279f1ac2385814a0d0b0b0a0c1e691f1d07eb146d06cb0a7fa1a7b7eeb8f50b0,OK
results/supplementary_reproducibility_20260720/active_q25_rerun/study_area_audit.csv,268,0c44c93b6186d8aaaab29020463d23d568163700607d63c5f9e5ed11222cc81f,OK
results/supplementary_reproducibility_20260720/active_q25_rerun/table10_leave_region_out_transfer.csv,20447,056bddde8ad6dc6843a10756c5cd92da642cb0ca17bf8bf06912e95abd002204,OK
results/supplementary_reproducibility_20260720/active_q25_rerun/table10_leave_region_out_transfer_per_class.csv,80939,f435e8b84524aa558a759f8c62d1728e310909ca97842716abcf0f1844f1cc56,OK
results/supplementary_reproducibility_20260720/active_q25_rerun/table11_region_transfer_conformal.csv,20657,ed3eef42b0722563871d85d8b7c91798e33d0f1d8e416188df750f333f4f2d9d,OK
results/supplementary_reproducibility_20260720/active_q25_rerun/table12_region_transfer_morans_i.csv,20273,9d1c602a56b4db3f72fd7ffd7b86d620c93238821f41536cfa4134c6b4a3697d,OK
results/supplementary_reproducibility_20260720/active_q25_rerun/table3_accuracy_by_stack_split.csv,17429,824ddc9273f1171529f8c888b0ba4dba80975b9882ead9866d600e83f0a0d01e,OK
results/supplementary_reproducibility_20260720/active_q25_rerun/table4_optimism_gap.csv,3477,5152714ee9f5df508cf6e15eec560304bdad725b239304dda9c5ebdd025c41b5,OK
results/supplementary_reproducibility_20260720/active_q25_rerun/table5_alphaearth_contrasts.csv,3714,bd20346243d93f919bb3cc2fe54ee1e535c6aa94bdc515dd84c69086ee3753d6,OK
results/supplementary_reproducibility_20260720/active_q25_rerun/table6_ece.csv,15571,35056623d6914b40e876ffa11fdc8760c85caea93e0670b639ebbf91909b89d3,OK
results/supplementary_reproducibility_20260720/active_q25_rerun/table7_conformal.csv,4392,75f1213f8077a8d3d6c64f089aa37f035819c8970187228427da265e18453512,OK
results/supplementary_reproducibility_20260720/active_q25_rerun/table8_morans_i.csv,13986,cb745ae53f4cc2659aaae16538e921dc25ace18cae9ace3f3c40b07267dc744d,OK
results/supplementary_reproducibility_20260720/active_q25_rerun/table9_landscape_regression.csv,5218,99171c49c688c8edf9e456403b7338a8f0712716568223c277e5a45c4272a7b5,OK
results/supplementary_reproducibility_20260720/active_q25_rerun/topjournal_transfer_experiment_provenance.json,879,e5fd42fc6409eed6729f5dcbca24f4184ec019a24d916ae13ff61397990b244d,OK
results/supplementary_reproducibility_20260720/active_q25_rerun/transfer_missing_value_policy_audit.csv,1438,3bb139cf2687937da8ce4da63c9a01a0200b99c3fe81e3475afc72dd3890d43c,OK
results/supplementary_reproducibility_20260720/active_q25_rerun/variogram_bins.csv,492,ce515eca29caccb3838ce456a834b7de4e8f0d5db4c3840e6d080b0e6c93d7d4,OK
results/supplementary_reproducibility_20260720/active_q25_rerun/variogram_choice.json,1209,f827c6fa24640c611463db53f394b1f35ae7f98c8afb40600fc856278aeed868,OK
results/supplementary_reproducibility_20260720/author_led_vhr_label_rereview_20260720/AUTHOR_LED_VHR_LABEL_REREVIEW_REPORT_20260720.md,1288,70e79ec58d99d6c2c0337cc7530975e38e1c2bfbae343af40fdd4dc211821dac,OK
results/supplementary_reproducibility_20260720/author_led_vhr_label_rereview_20260720/author_rereview_summary_20260720.json,1174,ece63131107087ad439a392978f4e17b1f72b4986836175357e7e1a13a6d6d11,OK
results/supplementary_reproducibility_20260720/author_led_vhr_label_rereview_20260720/README.md,2283,a48be6056e20922129d1805c56f528319a8512afab0426ee6b71c82d6eb4928f,OK
results/supplementary_reproducibility_20260720/author_led_vhr_label_rereview_20260720/reference_samples_author_rereview_resolved_AUDIT_20260720.csv,397545,2a11c4aaa208992661e27d71e340149a7592310307b862565f9900e1a874f565,OK
results/supplementary_reproducibility_20260720/author_led_vhr_label_rereview_20260720/reference_samples_author_resolved_INCLUDED_20260720.csv,335929,dcd30444ca5d4b7b78c590bc1b2f7632045eaf712ef199a5d641b1ec8a3e9e32,OK
results/supplementary_reproducibility_20260720/author_led_vhr_label_rereview_20260720/SUBMISSION_FACING_DERIVATIVE_PROVENANCE_20260721.json,2814,191c6b61ef86ab0d6da240933e61ed3bc70c53f94598027f576c4b3867bf30cf,OK
results/supplementary_reproducibility_20260720/author_resolved_label_sensitivity_20260618/author_resolved_reference_class_counts_20260618.csv,421,664b6d4ecd2194922f2b3f06cce4022dcc7ca3138a5d962987f819fbcb303289,OK
results/supplementary_reproducibility_20260720/author_resolved_label_sensitivity_20260618/author_resolved_sensitivity_manuscript_summary_20260618.csv,1597,1f36797b9e46aa20f9f2209a89f179f08fb65b04ce0100a55d5805c9a5ac7381,OK
results/supplementary_reproducibility_20260720/author_resolved_label_sensitivity_20260618/author_resolved_sensitivity_manuscript_summary_20260618.json,3435,240b734705ac18b70ecaf017be96e2fa4e5971148777a507e344d2b580a8cb3b,OK
results/supplementary_reproducibility_20260720/author_resolved_label_sensitivity_20260618/author_resolved_SENSITIVITY_MANUSCRIPT_SUMMARY_20260618.md,5592,a57867fffefa42853a4ff9e487c127147ed62116b869c35a94416dbc603d160f,OK
results/supplementary_reproducibility_20260720/author_resolved_label_sensitivity_20260618/author_resolved_variogram_indicator_ranges_20260618.pdf,18080,974deb1f8b2329221d44f2b93b3bfab4c3e8e7fb28e6aec95627c41cf197af8d,OK
results/supplementary_reproducibility_20260720/author_resolved_label_sensitivity_20260618/author_resolved_variogram_indicator_ranges_20260618.png,126158,f43ceb95eaeb0fa2fb02604b3fb30b9d3e2d7882cd27a3af746e53fc7bcd88d3,OK
results/supplementary_reproducibility_20260720/author_resolved_label_sensitivity_20260618/AUTHOR_RESOLVED_WORKING_SET_PROVENANCE_20260720.json,687,cf55189e80a1615dc0848da0716398608a85d7e71f09de95530eee7949928343,OK
results/supplementary_reproducibility_20260720/author_resolved_label_sensitivity_20260618/block_distance_practical_rule_candidates_20260618.csv,4106,96928f823f38edc56c7f9ef58752aef821f1e31fc2f0cf82ea3278663e2b2232,OK
results/supplementary_reproducibility_20260720/author_resolved_label_sensitivity_20260618/block_distance_practical_rule_summary_20260618.json,6792,459666fae95cb3c691e0826fddde47bddc6f4b17263bd02bbd070bd31d05f14a,OK
results/supplementary_reproducibility_20260720/author_resolved_label_sensitivity_20260618/build_author_resolved_reference_sensitivity_20260618.py,9155,76e0eff856fe560b0f2d5ec13726303a851b90e17edf2815c30e6401554e01a6,OK
results/supplementary_reproducibility_20260720/author_resolved_label_sensitivity_20260618/class_counts_verified.csv,1108,cd1df5c2b901c6723ce4ce084ed7e0379ff3e249b517613e10765e2de56746aa,OK
results/supplementary_reproducibility_20260720/author_resolved_label_sensitivity_20260618/class_merge_drop_conformal_log.csv,2524,c5dda11e314a45caffc3caa6a3f9676f83b87446b702a9e872181967b4aa983c,OK
results/supplementary_reproducibility_20260720/author_resolved_label_sensitivity_20260618/class_merge_drop_log.csv,350,60eb1ca8a4082e3e622135c1954da4076206f6284d25d6e859906f5aa451aade,OK
results/supplementary_reproducibility_20260720/author_resolved_label_sensitivity_20260618/compute_author_resolved_indicator_variogram_q25_20260618.py,18899,8e833a18dd5d2e629d1ee090078d0bedae285289396a4f48e1dad8241c6382ed,OK
results/supplementary_reproducibility_20260720/author_resolved_label_sensitivity_20260618/config_author_resolved_sensitivity_20260618.yaml,6790,d1a4ee291a6944bb8035ef4c83aecbb9fe076efa0b0cb757531b2551ada6b339,OK
results/supplementary_reproducibility_20260720/author_resolved_label_sensitivity_20260618/feature_missing_value_policy_audit.csv,1427,b7fbb4320bd0659bfe0202ec321be27daffef92f4f16dfbe0165a9176769cfa7,OK
results/supplementary_reproducibility_20260720/author_resolved_label_sensitivity_20260618/gee_asset_verification.csv,3196,c4d99fbefbc7dcc6e2697533d7627d88e1155f9f978d11c97ecd3dc8306fccf7,OK
results/supplementary_reproducibility_20260720/author_resolved_label_sensitivity_20260618/per_class_metrics.csv,77413,3d950b431226ac28c694056ba95f4d5b2610d40fbd803aa5e4f5c718f219c2b1,OK
results/supplementary_reproducibility_20260720/author_resolved_label_sensitivity_20260618/predictions_by_fold.csv,1624024,abb26cf03aad2a7e0d878f6fda83347c4d43e1909764a4fc3a84cade331b84de,OK
results/supplementary_reproducibility_20260720/author_resolved_label_sensitivity_20260618/provenance.json,9848,0a143e1659684714372b3bd56d36cc54ea0cf5de68fce1ab69a283369117c135,OK
results/supplementary_reproducibility_20260720/author_resolved_label_sensitivity_20260618/README.md,697,677863a8514cee52553169ec5af9e070532c63e7d3865696875fe18a529f6717,OK
results/supplementary_reproducibility_20260720/author_resolved_label_sensitivity_20260618/reference_sample_audit.csv,247,dad67ac2e3912907daf9cf7ebc81134394fac4672c5516a2d1e51f7f5aa0f79f,OK
results/supplementary_reproducibility_20260720/author_resolved_label_sensitivity_20260618/reference_samples.csv,161408,804d12a5af5c19e88e21b8a6f7b3d0819a5c4e0d5f9e8cdcf22276cd9ed950cf,OK
results/supplementary_reproducibility_20260720/author_resolved_label_sensitivity_20260618/run_status.csv,778,5f42a28bbec767219d507afee678ea4666d4410b31aee6e94f8b55fed08c1760,OK
results/supplementary_reproducibility_20260720/author_resolved_label_sensitivity_20260618/spatial_conformal_split_audit.csv,761,41dd33dd553f8b85fdf881f7ba6b8882977f55bcb79ec8c02836b4e31157d70e,OK
results/supplementary_reproducibility_20260720/author_resolved_label_sensitivity_20260618/spatial_fold_leakage_audit.csv,982,a45bba8fcb772c34ea03a1b04c6c7ca2c29036cb4bc07c534484ee918cf74626,OK
results/supplementary_reproducibility_20260720/author_resolved_label_sensitivity_20260618/study_area_audit.csv,301,bee66a23ba0d3b17f1e7d17f12ba5acfed70fdc3d6e42a34f3d0379d4110035f,OK
results/supplementary_reproducibility_20260720/author_resolved_label_sensitivity_20260618/summarize_author_resolved_sensitivity_20260618.py,9422,5b582db6c3ea4263e5930d68dc72069221ecdc570d40e1609623e771c18d14b2,OK
results/supplementary_reproducibility_20260720/author_resolved_label_sensitivity_20260618/table10_leave_region_out_transfer.csv,24114,ee585d24fdc70a6b44afbcd6707c6ad2f5a25a46e070c3bf3a8fb667ace41236,OK
results/supplementary_reproducibility_20260720/author_resolved_label_sensitivity_20260618/table10_leave_region_out_transfer_per_class.csv,94383,3f5aeef68102d7f761e1bc7cf12bfd0d0c57c9f3af727971155d18aadfce90df,OK
results/supplementary_reproducibility_20260720/author_resolved_label_sensitivity_20260618/table11_region_transfer_conformal.csv,24156,535088cde4bca877c93c35e6e263319a6054cb5ccf8a06873d06792e18ee57db,OK
results/supplementary_reproducibility_20260720/author_resolved_label_sensitivity_20260618/table12_region_transfer_morans_i.csv,23951,0696f24c3069f2a2d52536470b7b0344a3d63b4d1240c3b8caf836bad53004af,OK
results/supplementary_reproducibility_20260720/author_resolved_label_sensitivity_20260618/table3_accuracy_by_stack_split.csv,18485,15454231f2d55e39b45d880a8e39a9b2a9ba6daedf98a10265f303a891ac8348,OK
results/supplementary_reproducibility_20260720/author_resolved_label_sensitivity_20260618/table4_optimism_gap.csv,3482,0e1180ccb64035991872ec753217fd56219d8e103fad1420c74348e4d9d2cda5,OK
results/supplementary_reproducibility_20260720/author_resolved_label_sensitivity_20260618/table5_alphaearth_contrasts.csv,3717,effd7aac8b72082e187444f95c7503a2d27b1aa74261125b45f33258184a3094,OK
results/supplementary_reproducibility_20260720/author_resolved_label_sensitivity_20260618/table6_ece.csv,14558,1eba88774a3872fbaf63319a95a8e03059a2a379e95bc64bed859c74a65db063,OK
results/supplementary_reproducibility_20260720/author_resolved_label_sensitivity_20260618/table7_conformal.csv,4822,b7ee19eed0e91d725ce06eda5cda804adfa75121b4f1d97e71a61fe583108217,OK
results/supplementary_reproducibility_20260720/author_resolved_label_sensitivity_20260618/table8_morans_i.csv,13182,5e74fe99496b701167e440b60e39694409454f8aa83e0facb46b36e8713e0f78,OK
results/supplementary_reproducibility_20260720/author_resolved_label_sensitivity_20260618/table9_landscape_regression.csv,6702,e1b59410520fc91ea78310c3094ad7d5969f34614f6ccd95ee4b3e85285c2ece,OK
results/supplementary_reproducibility_20260720/author_resolved_label_sensitivity_20260618/topjournal_transfer_experiment_provenance.json,912,328c0da5e6fd7cfe4d7d1e0aab498ea71ea2ecaa13866371608fddb692a7ced6,OK
results/supplementary_reproducibility_20260720/author_resolved_label_sensitivity_20260618/transfer_missing_value_policy_audit.csv,1433,69439cc05a281f99eb861c3f6999d669c9c75caf2266855e02f758d66a1f1578,OK
results/supplementary_reproducibility_20260720/author_resolved_label_sensitivity_20260618/variogram_bins.csv,531,7c1fdc302c617ea338adb7860cd5e58f278cc98608baa85dfc46d2e0f088d456,OK
results/supplementary_reproducibility_20260720/author_resolved_label_sensitivity_20260618/variogram_choice.json,1270,547fe4e0a7774b90366a43723c21335f20986f15efc2d09e83f044432e26a316,OK
results/supplementary_reproducibility_20260720/author_resolved_label_sensitivity_20260618/variogram_indicator_bins_20260618.csv,24382,3d39eb5606e870efd11060821eac9725e4e3eb1e5f93a5bb932e0eb4b172be7f,OK
results/supplementary_reproducibility_20260720/author_resolved_label_sensitivity_20260618/variogram_indicator_ranges_20260618.csv,2172,422bdbc986134d4416421e1790be855006ffd85e3dab8f78151c599ba613de6a,OK
results/supplementary_reproducibility_20260720/CHECKSUMS_SHA256_20260721.txt,25724,14d93a6633fd889235b63c9636a87fb4ce374231d86aff452ba85cdcfc2b1410,OK
results/supplementary_reproducibility_20260720/figure13_planar_validation_risk_20260624/figure13_plain_grid_provenance_20260624.json,1827,fb0aa52cd616be09d8fb6a3adfcbd556aede6cc53ed88bdfdd49904c3723c8a4,OK
results/supplementary_reproducibility_20260720/figure13_planar_validation_risk_20260624/figure13_planar_validation_risk_grid_20260624.csv,25525,79f2e61478a4ba41cc202c347865d5069bd8f4f38a0b7768a3938210ac2f20bb,OK
results/supplementary_reproducibility_20260720/figure13_planar_validation_risk_20260624/Figure_13_planar_validation_risk_map_plain_grid.pdf,35103,313b48ff95f960651ea7d020b139f923f60f5ef2947dca3304cb14312b2fec93,OK
results/supplementary_reproducibility_20260720/figure13_planar_validation_risk_20260624/Figure_13_planar_validation_risk_map_plain_grid.png,439861,70d5fee7d2376adff3498951c2a08187716cc608b10c459c6fe7bd531befb00b,OK
results/supplementary_reproducibility_20260720/figure13_planar_validation_risk_20260624/make_figure13_plain_grid_20260624.py,5845,ca495aa44d75c52fc2b687c0f9788a3a487000d3a68608d7b67322836bd2dc70,OK
results/supplementary_reproducibility_20260720/figure13_planar_validation_risk_20260624/README_figure13_planar_validation_risk_20260624.txt,351,f5bd1eecd52822704a555eda00803f3a7506daf2144fdd5a331be8c2eec29dfa,OK
results/supplementary_reproducibility_20260720/figure13_planar_validation_risk_20260624/README_figure13_validation_risk_20260624.txt,351,f5bd1eecd52822704a555eda00803f3a7506daf2144fdd5a331be8c2eec29dfa,OK
results/supplementary_reproducibility_20260720/figure3_random_vs_spatial_accuracy_values_20260624/figure3_random_vs_spatial_accuracy_provenance_20260624.json,973,8a6a687c7e04202379a6c7b1019d7cb161aff0d2fc9d954eb273d1dd7706973c,OK
results/supplementary_reproducibility_20260720/figure3_random_vs_spatial_accuracy_values_20260624/figure3_random_vs_spatial_accuracy_values_20260624.csv,6344,ea7eae55efad3c358314884e9e9436956373718a3ef71b720a0aedb04535934e,OK
results/supplementary_reproducibility_20260720/figure3_random_vs_spatial_accuracy_values_20260624/README_figure3_random_vs_spatial_accuracy_values_20260624.txt,313,17ec232ac10cc39c8682320022e86b2e3a4f1f9e79a787a62ed6450922f3e254,OK
results/supplementary_reproducibility_20260720/figure5_reader_facing_labels_20260720.csv,892,1420b870b7b892086a15bb61b719d5f5d0b9e1f9e1b7441d59766f55b975b2ef,OK
results/supplementary_reproducibility_20260720/figure_provenance_20260720/figure13_planar_validation_risk_grid_20260624.csv,25525,79f2e61478a4ba41cc202c347865d5069bd8f4f38a0b7768a3938210ac2f20bb,OK
results/supplementary_reproducibility_20260720/figure_provenance_20260720/FIGURE_PROVENANCE_20260720.json,1286,7f77c5c21886f4200158162857a739a4307f8ebfc1f678a8cdef979a08f8f36e,OK
results/supplementary_reproducibility_20260720/figure_provenance_20260720/redraw_evidence_figures.py,13435,92af20630636ffd27ebea1ec4d50a23e736be9ad1f46f57c445ec5d4c362900e,OK
results/supplementary_reproducibility_20260720/figure_provenance_20260720/reference_samples_original_label_622_for_figure2.csv,208900,65f609617b4ed309a149123e08c6a41ffd2179382285c2ef6aa39fa5c6bea072,OK
results/supplementary_reproducibility_20260720/FIGURE_REGENERATION_PROVENANCE_20260721.json,1225,3c95a720bc76a07f169efac1da34b025d52b641fee191ccd9cfdd5fffa8792fe,OK
results/supplementary_reproducibility_20260720/fold3_support_sensitivity_20260613/fold3_support_sensitivity_summary_B2_RF_20260613.csv,667,faccf8f8bcc2b59c0f5561984b4d7e7e4ef74214ae8d3623c4dec22456bd9ad8,OK
results/supplementary_reproducibility_20260720/fold3_support_sensitivity_20260613/primary_b2_rf_headline_audit_20260613.csv,2215,b40f8339725a6c9aee0605c2bca28aae43e63ffd5582562c199076abbf79aad7,OK
results/supplementary_reproducibility_20260720/fold3_support_sensitivity_20260613/README.md,563,0bb7b14087ad467c9e454cf494af685115cdedca44160fb714c1827fbc71649b,OK
results/supplementary_reproducibility_20260720/imputation_sensitivity_20260624/compute_imputation_sensitivity_20260624.py,25230,0eec02de759aa8d17cfdf4dd8eaa64650c69661baf03efb1a1bc55b3b84b25e3,OK
results/supplementary_reproducibility_20260720/imputation_sensitivity_20260624/IMPUTATION_SENSITIVITY_20260624.md,1820,a6abcc8a93ad2c1bfdb7580d53d922f3ca2919f95d959043c1ec6f00add5ba9d,OK
results/supplementary_reproducibility_20260720/imputation_sensitivity_20260624/imputation_sensitivity_class_counts_20260624.csv,8846,d000d922bf93f3051c790ed4d36601f9c5e40f030377a1cba916d84c8e178ff8,OK
results/supplementary_reproducibility_20260720/imputation_sensitivity_20260624/imputation_sensitivity_fold_metrics_20260624.csv,21574,5a491c706a8dfbc4376848f1d540a5619b922b098679b18674f2ea34c9522e07,OK
results/supplementary_reproducibility_20260720/imputation_sensitivity_20260624/imputation_sensitivity_provenance_20260624.json,1572,0c4c84037ef856649146713a2ec86f9e4b371df8b01ce01816f018672d33223d,OK
results/supplementary_reproducibility_20260720/imputation_sensitivity_20260624/imputation_sensitivity_spatial_leakage_audit_20260624.csv,7083,74aaebb738f73e1b02ebe4cd77ad2b3f2a4ddb5c34d0dd8f9ae5d2108950b608,OK
results/supplementary_reproducibility_20260720/imputation_sensitivity_20260624/imputation_sensitivity_summary_20260624.csv,4654,da6d21c9b4f8afde9a29f2fbfe396a8aeedb0a9026f6934078c2d05626ce6d3b,OK
results/supplementary_reproducibility_20260720/mondrian_conformal_sensitivity_20260619/compute_mondrian_conformal_sensitivity_20260619.py,34125,e207b195015238c26afdd7044bf173c8091a66875ec3f758ced5cf1287f8a19e,OK
results/supplementary_reproducibility_20260720/mondrian_conformal_sensitivity_20260619/config_public_reproduction_20260615.yaml,6612,8777c341fd292b5b160c12068b611c4b40396886751fcf540fa999ae42ec148e,OK
results/supplementary_reproducibility_20260720/mondrian_conformal_sensitivity_20260619/mondrian_conformal_class_policy_20260619.csv,409,42d6c61e8ed76c7fd15077115069f2efe2d6d542b0b642ad4bc906875f607daa,OK
results/supplementary_reproducibility_20260720/mondrian_conformal_sensitivity_20260619/mondrian_conformal_per_class_20260619.csv,37744,4cf7cd83019159f3a27cc1d16975f310b38b89e036c689a2a17f3530282754ff,OK
results/supplementary_reproducibility_20260720/mondrian_conformal_sensitivity_20260619/mondrian_conformal_point_sets_20260619.csv,703742,6d75ec30ab79d0906d5594204ae7b286be143098c8d51391354cc69caa6e2d08,OK
results/supplementary_reproducibility_20260720/mondrian_conformal_sensitivity_20260619/mondrian_conformal_provenance_20260619.json,2284,8a2ad98f3604e77193966b1a4dc14b202f1dc14ee1813064ca8883d5e1dcea2e,OK
results/supplementary_reproducibility_20260720/mondrian_conformal_sensitivity_20260619/MONDRIAN_CONFORMAL_SENSITIVITY_20260619.md,1233,073eb8fe33537d297d1626d4cfef4c6c050515f7f4aee0cabb9b4ff49ee9c31b,OK
results/supplementary_reproducibility_20260720/mondrian_conformal_sensitivity_20260619/mondrian_conformal_split_audit_20260619.csv,6118,d85388b07bc23e07414be7e523b04116c641c01bde7e3dd4e35dc9625f767d97,OK
results/supplementary_reproducibility_20260720/mondrian_conformal_sensitivity_20260619/mondrian_conformal_summary_20260619.csv,6921,f8373ac661678b5a1ba4a77798f5c79b380d74a9847c2fd61c4c1274d0c2fa93,OK
results/supplementary_reproducibility_20260720/mondrian_conformal_sensitivity_20260619/mondrian_conformal_thresholds_20260619.csv,31906,ceb7f63d2d38b519981be713a39da35297c6745b06231fb961d150bc95b15583,OK
results/supplementary_reproducibility_20260720/mondrian_conformal_sensitivity_20260619/mondrian_feature_missing_value_policy_audit_20260619.csv,1433,ade2261f98b2ebfa9c884f91426a3d8d492f5a0ed585142dc93bbb4efe2fc3b3,OK
results/supplementary_reproducibility_20260720/mondrian_conformal_sensitivity_20260619/mondrian_vs_global_conformal_comparison_20260619.csv,6341,2bccbd0f2042379309196c0611fd466364f6854cb55863eb9a9b8d4fe110550e,OK
results/supplementary_reproducibility_20260720/mondrian_conformal_sensitivity_20260619/README.md,2065,c30b00a3c11f7c9ea7bbeb27a7c70377e258321d16bfbd98d6604bfe349bebcf,OK
results/supplementary_reproducibility_20260720/mondrian_conformal_sensitivity_20260619/reference_samples_verified_622_public.csv,208900,65f609617b4ed309a149123e08c6a41ffd2179382285c2ef6aa39fa5c6bea072,OK
results/supplementary_reproducibility_20260720/mondrian_conformal_sensitivity_20260619/spatial_conformal_split_audit.csv,765,50b30e9d8a99b901b923b30e223bdd4ab35840e1e1bd51d34120654f43246732,OK
results/supplementary_reproducibility_20260720/mondrian_conformal_sensitivity_20260619/table7_conformal.csv,4392,75f1213f8077a8d3d6c64f089aa37f035819c8970187228427da265e18453512,OK
results/supplementary_reproducibility_20260720/mondrian_conformal_sensitivity_20260619/variogram_choice.json,1157,80b10331369c1ca2dbb90069217ef0d5b87e719e2d2d0d7c4db3c8737c853a36,OK
results/supplementary_reproducibility_20260720/NUMERIC_SOURCE_MAP_20260624.csv,6565,118573bbf1f67da3f1b205aaadb4b667d77be2fbce5b9bdb41655cd2e29734ac,OK
results/supplementary_reproducibility_20260720/NUMERIC_SOURCE_MAP_20260624.json,8280,b745bc531245aae5f58d54a18c54206c62c80eac8e74aba6a3c25403bce2d630,OK
results/supplementary_reproducibility_20260720/NUMERIC_SOURCE_MAP_20260624.md,7180,6601ad53a31545313c59e3ae43e9afc350d5603e7ed4558979d1fbc8e0e51972,OK
results/supplementary_reproducibility_20260720/PACKAGE_MANIFEST_20260721.csv,27093,2a6ccff4cca4126d70ec2a7fa5c3447b2b278238834eefd4d46003ec23385ea0,OK
results/supplementary_reproducibility_20260720/prospective_probability_validation_protocol_20260619/field_vhr_anchor_log_template_20260619.csv,347,466c8e13924aaab451844e87a5dc2333a65c6e7eaef5ba39af99cc50fc6463cb,OK
results/supplementary_reproducibility_20260720/prospective_probability_validation_protocol_20260619/probability_sample_frame_template_20260619.csv,356,c2cd81e4ebd68a3a87ec593549378cbda9afac5572ed956ad55061389a4e5998,OK
results/supplementary_reproducibility_20260720/prospective_probability_validation_protocol_20260619/probability_validation_config_addendum_20260619.yaml,2158,abb474e2ced8a70cc86a21c59e219912fbb413a008279430664f6ea0f5205ee2,OK
results/supplementary_reproducibility_20260720/prospective_probability_validation_protocol_20260619/prospective_protocol_provenance_20260619.json,877,64f861d4a11aece5adec3e376e67bcb275dbddce68037f39a53b219ef03adae6,OK
results/supplementary_reproducibility_20260720/prospective_probability_validation_protocol_20260619/PROSPECTIVE_TIER1_VALIDATION_PROTOCOL_20260619.md,4704,a75f1ba8ef557b62ec1dca64dbca3449392c492af006fc4d0c5d1df929538c05,OK
results/supplementary_reproducibility_20260720/prospective_probability_validation_protocol_20260619/README.md,1657,e7b5ed688c8c16c65d56f19f2fad63aba3eb1899652538ea0c65dd1168734e88,OK
results/supplementary_reproducibility_20260720/prospective_probability_validation_protocol_20260619/third_reader_adjudication_template_20260619.csv,478,c6699790265636625879807bfa572ec8cb9ec4139ffe3856cdb77a755cde2f7e,OK
results/supplementary_reproducibility_20260720/q25_nndm_style_distance_audit_20260619/compute_q25_nndm_style_distance_audit_20260619.py,23178,7492cdaa3be0bfe21ba8c9db025731d576edbfe30f9fe6b44f28ae963351612f,OK
results/supplementary_reproducibility_20260720/q25_nndm_style_distance_audit_20260619/config_fold3_teacher_vhr_repair_20260613.yaml,6805,ba9013a237c25aa48d41ab9d0e6ab5ee332731be4543cbe8d340b6213e3087d6,OK
results/supplementary_reproducibility_20260720/q25_nndm_style_distance_audit_20260619/q25_nndm_style_class_policy_20260619.csv,444,fc3d651f270fb915a0ebdd26d67dcaed53d141872f94e79b3a09ad52831cd3c4,OK
results/supplementary_reproducibility_20260720/q25_nndm_style_distance_audit_20260619/Q25_NNDM_STYLE_DISTANCE_AUDIT_20260619.md,1504,21aedee96e6721cc28e4b37e2771fbf108883ee2d44996ece298468411c37ef2,OK
results/supplementary_reproducibility_20260720/q25_nndm_style_distance_audit_20260619/q25_nndm_style_fold_distance_audit_20260619.csv,4880,819b90a22873c3f009ed81bb3c3f32ba38ff980784ed073b42be661f80025f75,OK
results/supplementary_reproducibility_20260720/q25_nndm_style_distance_audit_20260619/q25_nndm_style_point_distance_audit_20260619.csv,517654,0e06460152fbe29f0b7ff86a24885533aa567cb995d8686d1cc590533deab772,OK
results/supplementary_reproducibility_20260720/q25_nndm_style_distance_audit_20260619/q25_nndm_style_provenance_20260619.json,1856,994c8c0c80fbb4002df695595695c3e97b85130a839d4bafcabf1f5e879a512b,OK
results/supplementary_reproducibility_20260720/q25_nndm_style_distance_audit_20260619/q25_nndm_style_summary_20260619.csv,2294,8cb45e5b3d7a3b4f0fdbbc5885fda3a8657d1cfde687255e727c462edb3de350,OK
results/supplementary_reproducibility_20260720/q25_nndm_style_distance_audit_20260619/README.md,1754,c4fec44ce3e6cbd82d05e19bb5d8bf7e792f75842d68a813d4192722a3dd5972,OK
results/supplementary_reproducibility_20260720/q25_nndm_style_distance_audit_20260619/reference_samples_verified_622_public.csv,208900,65f609617b4ed309a149123e08c6a41ffd2179382285c2ef6aa39fa5c6bea072,OK
results/supplementary_reproducibility_20260720/q25_nndm_style_distance_audit_20260619/variogram_choice.json,1157,80b10331369c1ca2dbb90069217ef0d5b87e719e2d2d0d7c4db3c8737c853a36,OK
results/supplementary_reproducibility_20260720/rubber_belt_calibration_evidence_20260613/region_specific_calibration_manifest_20260613.json,2257,089044bfe84c79a847fb5d94574d5a703051c2ab87618b4139e14866dabd88d9,OK
results/supplementary_reproducibility_20260720/rubber_belt_calibration_evidence_20260613/rubber_belt_calibration_majority_baseline_detail_20260613.csv,154867,bbc6bcfb505fa0ab5f8aab226a53ce8d40db70993fc6efbc37a2db6d4df7e1a1,OK
results/supplementary_reproducibility_20260720/rubber_belt_calibration_evidence_20260613/rubber_belt_calibration_majority_baseline_summary_20260613.csv,5777,0f03abc67f5880884737a45f66a1af73e6bb4f318a5213c6090937bdf6534c3e,OK
results/supplementary_reproducibility_20260720/rubber_belt_calibration_evidence_20260613/rubber_belt_region_specific_calibration_detail_20260613.csv,81239,1c5ee374364f1a137ac56d06f4ae106868b12e370c4a06b5b073a50321a7dc3a,OK
results/supplementary_reproducibility_20260720/rubber_belt_calibration_evidence_20260613/rubber_belt_region_specific_calibration_summary_20260613.csv,4702,6402aa4a005cd84af3e8dc7cdb44784edc3525811074bb1685757b4839ec90ff,OK
results/supplementary_reproducibility_20260720/SUPPLEMENT_INDEX.md,3024,d256d5ba163a2a546f46cbd840915de014de170d575e4ece81676787d7d10a9b,OK
results/supplementary_reproducibility_20260720/supplementary_figures/Figure_1_workflow.pdf,33159,b501b2e54e438f4fe801a36422d1d745fe773427e722ef0211e6bc8f913522bc,OK
results/supplementary_reproducibility_20260720/supplementary_figures/Figure_1_workflow.png,794955,1a61e2875dd9493f32116c938e2839f702e0939f0a53b6782f7066ed8c3d761c,OK
results/supplementary_reproducibility_20260720/supplementary_figures/Figure_3_random_vs_spatial_accuracy.pdf,26979,2186869627cea471fa8f5e093dce62685fe8d238d9691ee321733493d89e99a6,OK
results/supplementary_reproducibility_20260720/supplementary_figures/Figure_3_random_vs_spatial_accuracy.png,353566,da6625ada7c1f7db95f89e5c14b520dad2da1f6ff4b2418d4b8cfe3ec0ab3326,OK
results/supplementary_reproducibility_20260720/supplementary_figures/Figure_5_landscape_regression.pdf,27236,9fcc7047438ab4cd759ab45c13ff9061a272dfa41b6d53ac9319ca0875094480,OK
results/supplementary_reproducibility_20260720/supplementary_figures/Figure_5_landscape_regression.png,677806,b2ebd11a498f993975bbdf1246eb135aa550e7760bb5e6015754ae5e4a831bd1,OK
results/supplementary_reproducibility_20260720/supplementary_figures/Supplementary_Figure_S1_variogram_indicator_ranges.pdf,18140,9bf7b2b74e9f406eda4d2dcf70f445f1b1464cd45ad1cd36f7f2bdb123857c43,OK
results/supplementary_reproducibility_20260720/supplementary_figures/Supplementary_Figure_S1_variogram_indicator_ranges.png,233011,0bc7a01fdda9029237ea10f0c8b49e2c587374cc09e5259b8e06ff40ba374c74,OK
results/supplementary_reproducibility_20260720/supplementary_figures/variogram_indicator_ranges_plot_provenance.json,411,ac3b114fb901501e0dcf2e46eeda6fd61b6f48bdc8bd16d5bcb152005f5c60fe,OK
results/supplementary_reproducibility_20260720/SUPPLEMENTARY_README_20260720.md,2259,a2b08d0a1a2b6bec09c33a450544667bdb0a51bedba0e697dd22cb46d6afbc44,OK
results/supplementary_reproducibility_20260720/support_balanced_q25_sensitivity_20260624/support_balanced_q25_candidate_audit_20260624.csv,172297,160d8a3bafc7a8d50506104f89e5a956a2aa7570e04412fa91ba02a6c8ddeecb,OK
results/supplementary_reproducibility_20260720/support_balanced_q25_sensitivity_20260624/support_balanced_q25_fold_audit_20260624.csv,903963,29587dea71b1622b4450f210260fd6f4e3ea5033722fed30ed681a10cc0a6a52,OK
results/supplementary_reproducibility_20260720/support_balanced_q25_sensitivity_20260624/support_balanced_q25_provenance_20260624.json,1497,90519a8709a8af608017fd8ce48cb32326e40fa9b7a5f8d3ca5db9e0b5973513,OK
results/supplementary_reproducibility_20260720/support_balanced_q25_sensitivity_20260624/support_balanced_q25_rf_metrics_20260624.csv,13094,ef054c3fa8b24dc048139cb63083808f78f095dbd1850a76bf3a68da3ae93d74,OK
results/supplementary_reproducibility_20260720/support_balanced_q25_sensitivity_20260624/SUPPORT_BALANCED_Q25_SENSITIVITY_20260624.md,793,9d36ca3c2324022adc85e40948e679c3cddd788e1b3b9aecf98c4b2d1fa401b2,OK
results/supplementary_reproducibility_20260720/support_balanced_q25_sensitivity_20260624/support_balanced_q25_summary_20260624.csv,1232,b3d8417cc43de58b2f5a9bf99df55d78c13253f5dceb5d7dc6e5f4bcd5a99af1,OK
results/supplementary_reproducibility_20260720/table4_accuracy_foldmean_and_pooled_oof_20260720.csv,1433,b377a9ca24cf45421a310dfa769c4f647f939325d5808af90f2c9104ae530a71,OK
results/supplementary_reproducibility_20260720/trust_routing_diagnostics_20260624/TRUST_ROUTING_DIAGNOSTICS_20260624.md,881,bda02e011467735a44b89fc03b9888c5929b780cea3752487ee6acf949348a45,OK
results/supplementary_reproducibility_20260720/trust_routing_diagnostics_20260624/trust_routing_error_capture_20260624.csv,2559,6a51abaf39ebc895b0d8b9a63424b7b3b907c97daa2d0a4792d5f2748c716069,OK
results/supplementary_reproducibility_20260720/trust_routing_diagnostics_20260624/trust_routing_point_assignments_20260624.csv,392833,b119c7cf695186dde605c7bc23360656500064c66870f8e648c911ee5169f28d,OK
results/supplementary_reproducibility_20260720/trust_routing_diagnostics_20260624/trust_routing_provenance_20260624.json,2239,f178096cb8157502d2f2965e63e216e7f53192feb914cd47175ad07e8069170a,OK
results/supplementary_reproducibility_20260720/trust_routing_diagnostics_20260624/trust_routing_route_summary_20260624.csv,6300,b21dea58a4c55e72a86a72e384a2b49f7e59adebdb847590f49ec2410789724b,OK
results/supplementary_reproducibility_20260720/trust_routing_diagnostics_20260624/trust_routing_split_summary_20260624.csv,2564,2b07a55b5d5490fd97562904476ac6c2c6773c23667256f09d40c82564343ce6,OK
results/variogram/block_distance_decision_20260612.md,3507,6c0eef6f3d4abbebcebaa1a54fd4fa6fd1b19af835586eb848d2e2ad2bd1365f,OK
results/variogram/block_distance_practical_rule_20260612.md,1232,1f2abac2ecbee370e099398e7cee9c3dcba1e6e167b3d055d14fa6fb3df0ae9d,OK
results/variogram/block_distance_practical_rule_20260613.md,1232,1f2abac2ecbee370e099398e7cee9c3dcba1e6e167b3d055d14fa6fb3df0ae9d,OK
results/variogram/block_distance_practical_rule_candidates_20260612.csv,3566,b0dc31485ab4c6c97d85153219d1616827b5c695a90efb2593957caf25f17716,OK
results/variogram/block_distance_practical_rule_candidates_20260613.csv,3566,b0dc31485ab4c6c97d85153219d1616827b5c695a90efb2593957caf25f17716,OK
results/variogram/block_distance_practical_rule_summary_20260612.json,2070,8a6711205779aa4cb5b43c25180d138a02486ea69078ae0a365de5995b435709,OK
results/variogram/block_distance_practical_rule_summary_20260613.json,2197,4d12ca10b6a49c414fc193b8318a810284fcc2c7de6a8d29f8087864f2e183f3,OK
results/variogram/variogram_indicator_bins.csv,40823,b94b5be3176c82c91c1948a3cab038d5a085ea2519fd84dd7867430d33c6a98d,OK
results/variogram/variogram_indicator_ranges.csv,3173,2245ee8f0149b2d5689477cc393a39d91be6f358f4e7521b902d3b698c52a186,OK
results/variogram/variogram_indicator_summary.json,7292,a048d9c344f46b297856e1e93ed2b6078a818e26307e87559da7be9a251c2bec,OK
scripts/audit_public_sentinel2_point_imagery_dates.py,11712,d22ffbb5b3261c21834467608e6ae9276bf0d873107fe77a15f49123713287a5,OK
scripts/generate_public_manifest.py,8937,0262c62b95fefef4bfa3f98af6646d21c8c145ea649a70b2e50252b8afa7b8cd,OK
scripts/pipeline/compute_indicator_variogram_final_revision_20260612.py,19999,97d2d39c631fe7680f5694b11aa215bd4d69621035285289e5bcbeee5a9064f5,OK
scripts/pipeline/export_gee_feature_stacks.py,13154,99759073c98ae36c8a9dc9abd313705bce18b117e3079d40875888b2280af41b,OK
scripts/pipeline/run_fold3_teacher_vhr_variogram_q25_20260613.py,2815,1f0f8cd4d90e68c326158312d8a4d0666c15f43bba71195fd5f36a7cad9610c2,OK
scripts/pipeline/run_reproducible_pipeline.py,95782,1c343e2697d7ea31c5458a484db8bd05af850dca65c94eb1b98bee5c63957ea8,OK
scripts/pipeline/run_topjournal_transfer_experiment.py,22236,04f4f97398a18a18b97678a045afd197cf3123443b8fcd7c8fe3b2987319014e,OK
scripts/pipeline/select_practical_indicator_block_distance_20260612.py,10464,1eb438fb0409904d9be8e9ee57610869b1929ab759715cb3eb250e8c23aec371,OK
scripts/plot_variogram_indicator_ranges.py,3090,c3b5f484ad6d271d8fac370ae2544743ba2b66375041ec746345ea894bb6ea34,OK
