sample_id,dw_entropy,dw_margin,dw_max_probability,dw_entropy_full_8class,dw_margin_full_8class,dw_max_probability_full_8class,dw_entropy_partial_5class,dw_margin_partial_5class,dw_max_probability_partial_5class,dw_water,dw_trees,dw_flooded_vegetation,dw_crops,dw_built,fdp_palm_probability_2023,fdp_rubber_probability_2023,screening_score,active_score
RS01_001,0.4613905326644732,0.7152379999999999,0.752173,0.4613905326644732,0.7152379999999999,0.752173,0.37204907427178263,0.7152379999999999,0.752173,0.031136,0.752173,0.027177,0.036935,0.027475,0.996078,0.0,6.0,
RS01_002,0.518791300716583,0.665349,0.714478,0.518791300716583,0.665349,0.714478,0.3943519948116248,0.679762,0.714478,0.03142,0.714478,0.033029,0.034716,0.028334,0.956863,0.023529,6.0,
RS01_003,0.4795926863860538,0.683925,0.732251,0.4795926863860538,0.683925,0.732251,0.39257661042757264,0.683925,0.732251,0.032329,0.732251,0.027026,0.048326,0.02385,0.996078,0.0,6.0,
RS01_004,0.4587845876629372,0.716197,0.75175,0.4587845876629372,0.716197,0.75175,0.3558009968411874,0.716197,0.75175,0.02914,0.75175,0.029178,0.035553,0.020967,0.992157,0.0,6.0,
RS01_005,0.7842649084155242,0.377944,0.470459,0.7842649084155242,0.377944,0.470459,0.7154452087964123,0.377944,0.470459,0.068031,0.470459,0.092515,0.058811,0.050372,0.996078,0.0,6.0,
RS01_006,0.7793947121576177,0.1874279999999999,0.386389,0.7793947121576177,0.1874279999999999,0.386389,0.6760121353757562,0.302426,0.386389,0.040271,0.386389,0.035287,0.039465,0.083963,0.996078,0.0,6.0,
RS01_007,0.7467657781005561,0.385867,0.511023,0.7467657781005561,0.385867,0.511023,0.6942257493439397,0.385867,0.511023,0.075531,0.511023,0.04012,0.125156,0.047559,0.984314,0.0,6.0,
RS01_008,0.7179510704786787,0.4088459999999999,0.53775,0.7179510704786787,0.4088459999999999,0.53775,0.6328137170436828,0.40884599999999993,0.53775,0.03401,0.53775,0.045002,0.128904,0.044572,0.996078,0.0,6.0,
RS01_009,0.8360609821578744,0.2637239999999999,0.40545,0.8360609821578744,0.2637239999999999,0.40545,0.7923569775449407,0.26372399999999996,0.40545,0.039536,0.40545,0.053942,0.141726,0.112526,0.992157,0.0,6.0,
RS01_010,0.7918295981407695,0.263947,0.397982,0.7918295981407695,0.263947,0.397982,0.7073326646322715,0.26394700000000004,0.397982,0.032768,0.397982,0.035835,0.134035,0.052272,0.992157,0.0,6.0,
RS01_011,0.4823344835359718,0.696535,0.741229,0.4823344835359718,0.696535,0.741229,0.35995296738152155,0.709889,0.741229,0.029024,0.741229,0.025596,0.03134,0.028728,0.992157,0.0,6.0,
RS01_012,0.5540100222826546,0.5790919999999999,0.676028,0.5540100222826546,0.5790919999999999,0.676028,0.47542774855498243,0.5790919999999999,0.676028,0.031992,0.676028,0.022925,0.096936,0.02815,0.996078,0.0,6.0,
RS01_013,0.6037391742019528,0.5033299999999999,0.629968,0.6037391742019528,0.5033299999999999,0.629968,0.5637282720282563,0.5033299999999999,0.629968,0.0357,0.629968,0.024232,0.126638,0.049301,0.996078,0.0,6.0,
RS01_014,0.4802712779022828,0.692592,0.739898,0.4802712779022828,0.692592,0.739898,0.3869081683178138,0.692592,0.739898,0.02827,0.739898,0.023806,0.047306,0.030317,0.996078,0.0,6.0,
RS01_015,0.6398742554405188,0.429156,0.585838,0.6398742554405188,0.429156,0.585838,0.5702628995892022,0.429156,0.585838,0.03336,0.585838,0.024735,0.156682,0.031124,0.996078,0.0,6.0,
RS01_016,0.6043587638444398,0.544079,0.637954,0.6043587638444398,0.544079,0.637954,0.5197050780033204,0.544079,0.637954,0.035655,0.637954,0.031759,0.093875,0.032626,0.992157,0.0,6.0,
RS01_017,0.5869769874896127,0.53642,0.644714,0.5869769874896127,0.53642,0.644714,0.5167201123191419,0.53642,0.644714,0.034967,0.644714,0.021019,0.108294,0.03739,0.984314,0.0,6.0,
RS01_018,0.4976012618417528,0.663581,0.725337,0.4976012618417528,0.663581,0.725337,0.41846514800301016,0.663581,0.725337,0.032194,0.725337,0.025671,0.061756,0.026889,0.992157,0.0,6.0,
RS01_019,0.5862430914153108,0.552042,0.652425,0.5862430914153108,0.552042,0.652425,0.5089560947890788,0.552042,0.652425,0.030814,0.652425,0.032458,0.100383,0.030559,0.996078,0.0,6.0,
RS01_020,0.5604185365050501,0.613726,0.680647,0.5604185365050501,0.613726,0.680647,0.47731817065087123,0.613726,0.680647,0.026992,0.680647,0.029724,0.066921,0.04818,0.996078,0.0,6.0,
RS01_021,0.5234027746429354,0.647653,0.706003,0.5234027746429354,0.647653,0.706003,0.4294680067017422,0.647653,0.706003,0.03638,0.706003,0.029536,0.05835,0.023777,0.996078,0.0,6.0,
RS01_022,0.8813729022809624,0.038918,0.247428,0.8813729022809624,0.038918,0.247428,0.8129585927459048,0.150275,0.20851,0.040812,0.031777,0.058235,0.20851,0.042914,0.988235,0.0,6.0,
RS01_023,0.5877593431345467,0.5190659999999999,0.640249,0.5877593431345467,0.5190659999999999,0.640249,0.5331013215885444,0.5190659999999999,0.640249,0.029055,0.640249,0.028811,0.121183,0.036701,0.996078,0.0,6.0,
RS01_024,0.6127732138646724,0.537704,0.620802,0.6127732138646724,0.537704,0.620802,0.5142746374208108,0.537704,0.620802,0.028851,0.620802,0.040496,0.083098,0.030324,0.996078,0.0,6.0,
RS01_025,0.5841309542469184,0.566987,0.652085,0.5841309542469184,0.566987,0.652085,0.48920978444070434,0.566987,0.652085,0.036272,0.652085,0.029382,0.085098,0.02632,0.996078,0.0,6.0,
RS01_026,0.7432784895610117,0.219212,0.454869,0.7432784895610117,0.219212,0.454869,0.6875432183975639,0.21921200000000002,0.454869,0.039273,0.454869,0.034233,0.235657,0.037268,0.996078,0.0,6.0,
RS01_027,0.5112362801837181,0.660636,0.716526,0.5112362801837181,0.660636,0.716526,0.4145247670265,0.660636,0.716526,0.03178,0.716526,0.026425,0.05589,0.027248,0.996078,0.0,6.0,
RS01_028,0.7004636960460596,0.186298,0.462847,0.7004636960460596,0.186298,0.462847,0.6612820639328639,0.18629800000000002,0.462847,0.032794,0.462847,0.022824,0.276549,0.040066,0.992157,0.0,6.0,
RS01_029,0.4636527690341352,0.705405,0.747134,0.4636527690341352,0.705405,0.747134,0.34711586250503135,0.70885,0.747134,0.026827,0.747134,0.021595,0.038284,0.02356,0.972549,0.0,6.0,
RS01_030,0.4689772228174411,0.710203,0.75011,0.4689772228174411,0.710203,0.75011,0.38090624135483353,0.710203,0.75011,0.033238,0.75011,0.03099,0.039907,0.023292,0.996078,0.0,6.0,
RS01_031,0.4782547044312848,0.702341,0.739841,0.4782547044312848,0.702341,0.739841,0.3685119171848418,0.706604,0.739841,0.032385,0.739841,0.03133,0.033237,0.022149,0.996078,0.0,6.0,
RS01_032,0.4771970018218324,0.7053579999999999,0.741497,0.4771970018218324,0.7053579999999999,0.741497,0.3677798150410757,0.7072149999999999,0.741497,0.032668,0.741497,0.027806,0.034282,0.02413,0.996078,0.0,6.0,
RS01_033,0.494526872791471,0.669423,0.726672,0.494526872791471,0.669423,0.726672,0.40691129746654137,0.669423,0.726672,0.031269,0.726672,0.027548,0.057249,0.023663,0.996078,0.0,6.0,
RS01_034,0.5400147263666251,0.642285,0.69828,0.5400147263666251,0.642285,0.69828,0.42167140821022525,0.642285,0.69828,0.028818,0.69828,0.028518,0.055995,0.028232,0.996078,0.0,6.0,
RS01_035,0.4733061879229312,0.704399,0.744747,0.4733061879229312,0.704399,0.744747,0.37181225870557233,0.704399,0.744747,0.0274,0.744747,0.023664,0.040348,0.030511,0.996078,0.0,6.0,
RS01_036,0.4859923577748321,0.691755,0.734472,0.4859923577748321,0.691755,0.734472,0.3779763730516792,0.6921470000000001,0.734472,0.032072,0.734472,0.026763,0.042325,0.022572,0.996078,0.0,6.0,
RS01_037,0.4897528124087373,0.6719569999999999,0.729254,0.4897528124087373,0.6719569999999999,0.729254,0.3997386564693831,0.6719569999999999,0.729254,0.030059,0.729254,0.025788,0.057297,0.02345,0.984314,0.003922,6.0,
RS01_038,0.6598639158894601,0.3601769999999999,0.552697,0.6598639158894601,0.3601769999999999,0.552697,0.5917842383401558,0.36017699999999997,0.552697,0.024633,0.552697,0.026516,0.19252,0.033056,0.972549,0.011765,6.0,
RS01_039,0.6050873480664314,0.526516,0.634198,0.6050873480664314,0.526516,0.634198,0.5256209456782724,0.526516,0.634198,0.029802,0.634198,0.035212,0.107682,0.030191,0.984314,0.0,6.0,
RS01_040,0.6990593916110271,0.401235,0.547936,0.6990593916110271,0.401235,0.547936,0.6552122046867387,0.401235,0.547936,0.058035,0.547936,0.034778,0.146701,0.043783,0.996078,0.0,6.0,
RS01_041,0.6398826123930371,0.499023,0.609942,0.6398826123930371,0.499023,0.609942,0.5545865542293998,0.499023,0.609942,0.033599,0.609942,0.029989,0.110919,0.040773,0.992157,0.0,6.0,
RS01_042,0.7972797597668799,0.2220579999999999,0.390391,0.7972797597668799,0.2220579999999999,0.390391,0.7229754854334608,0.22205799999999998,0.390391,0.041007,0.390391,0.032131,0.04738,0.168333,0.996078,0.0,6.0,
RS01_043,0.4908227494373262,0.666433,0.726433,0.4908227494373262,0.666433,0.726433,0.4119943118036861,0.666433,0.726433,0.030291,0.726433,0.026003,0.06,0.026562,0.980392,0.0,6.0,
RS01_044,0.8288076488138324,0.025684,0.314385,0.8288076488138324,0.025684,0.314385,0.7934784147319209,0.02568400000000004,0.314385,0.046314,0.288701,0.035519,0.314385,0.076474,0.996078,0.0,6.0,
RS01_045,0.4728168667422187,0.6852020000000001,0.744179,0.4728168667422187,0.6852020000000001,0.744179,0.4070461486760167,0.6852020000000001,0.744179,0.026288,0.744179,0.023111,0.058977,0.035171,0.996078,0.0,6.0,
RS01_046,0.508764980070003,0.6496350000000001,0.713906,0.508764980070003,0.6496350000000001,0.713906,0.42025998721686064,0.6496350000000001,0.713906,0.031086,0.713906,0.02365,0.064271,0.02716,0.996078,0.0,6.0,
RS01_047,0.4970709825702963,0.669272,0.722847,0.4970709825702963,0.669272,0.722847,0.41777298654861217,0.669272,0.722847,0.041148,0.722847,0.024891,0.053575,0.024918,0.996078,0.0,6.0,
RS01_048,0.4943194195943324,0.670299,0.728424,0.4943194195943324,0.670299,0.728424,0.4120740299665231,0.670299,0.728424,0.0292,0.728424,0.02526,0.058125,0.03017,0.996078,0.0,6.0,
RS01_049,0.4856056692803445,0.6960999999999999,0.734061,0.4856056692803445,0.6960999999999999,0.734061,0.3770683531455498,0.697274,0.734061,0.034154,0.734061,0.026578,0.036787,0.025009,0.996078,0.0,6.0,
RS01_050,0.7407019985805584,0.2133989999999999,0.446161,0.7407019985805584,0.2133989999999999,0.446161,0.692429705768179,0.21339899999999998,0.446161,0.042111,0.446161,0.025405,0.232762,0.045851,0.996078,0.0,6.0,
RS01_051,0.8074094687698402,0.298565,0.438329,0.8074094687698402,0.298565,0.438329,0.7482000498711827,0.298565,0.438329,0.044616,0.438329,0.042644,0.084698,0.139764,0.992157,0.0,6.0,
RS01_052,0.7203553615728401,0.236988,0.475133,0.7203553615728401,0.236988,0.475133,0.6948205784604167,0.23698800000000003,0.475133,0.028233,0.475133,0.03209,0.238145,0.065951,0.984314,0.0,6.0,
RS01_053,0.494199778074222,0.680218,0.726179,0.494199778074222,0.680218,0.726179,0.3855929907691848,0.680218,0.726179,0.026878,0.726179,0.024127,0.045961,0.029557,0.996078,0.0,6.0,
RS01_054,0.4620332233801632,0.709801,0.750007,0.4620332233801632,0.709801,0.750007,0.36777791868810955,0.709801,0.750007,0.02859,0.750007,0.026412,0.040206,0.02543,0.996078,0.0,6.0,
RS01_055,0.6670566513423624,0.360685,0.551902,0.6670566513423624,0.360685,0.551902,0.614153466383136,0.36068500000000003,0.551902,0.030149,0.551902,0.023717,0.191217,0.044399,0.996078,0.0,6.0,
RS01_056,0.4705579727000374,0.697851,0.744977,0.4705579727000374,0.697851,0.744977,0.390838567637602,0.697851,0.744977,0.030416,0.744977,0.025316,0.047126,0.029554,0.992157,0.0,6.0,
RS01_057,0.5963169951492294,0.538157,0.636185,0.5963169951492294,0.538157,0.636185,0.5130161255867863,0.538157,0.636185,0.035177,0.636185,0.032524,0.098028,0.02618,0.984314,0.0,6.0,
RS01_058,0.5010609348565968,0.685731,0.72802,0.5010609348565968,0.685731,0.72802,0.37781938701930445,0.692266,0.72802,0.033149,0.72802,0.029457,0.035754,0.023479,0.992157,0.0,6.0,
RS01_059,0.5148650494808417,0.663166,0.716292,0.5148650494808417,0.663166,0.716292,0.41248619538573567,0.663166,0.716292,0.032392,0.716292,0.026007,0.053126,0.028125,0.996078,0.0,6.0,
RS01_060,0.7374051983671147,0.392415,0.48635,0.7374051983671147,0.392415,0.48635,0.6556673817693164,0.392415,0.48635,0.043024,0.48635,0.028943,0.093935,0.070308,0.996078,0.0,6.0,
RS01_061,0.4604750053642899,0.706916,0.752255,0.4604750053642899,0.706916,0.752255,0.3688779143398172,0.706916,0.752255,0.026765,0.752255,0.021805,0.045339,0.028596,0.996078,0.0,6.0,
RS01_062,0.8139274993323647,0.030888,0.330641,0.8139274993323647,0.030888,0.330641,0.7901608030839776,0.030888000000000027,0.330641,0.064347,0.299753,0.036933,0.330641,0.0581,0.992157,0.0,6.0,
RS01_063,0.6175110192323039,0.514791,0.625845,0.6175110192323039,0.514791,0.625845,0.5366684910457677,0.514791,0.625845,0.038828,0.625845,0.030885,0.111054,0.028295,0.996078,0.0,6.0,
RS01_064,0.6692714673944002,0.262503,0.503241,0.6692714673944002,0.262503,0.503241,0.6461235009680265,0.26250300000000004,0.503241,0.03349,0.503241,0.029599,0.240738,0.033495,0.996078,0.0,6.0,
RS01_065,0.5265148461170502,0.6362920000000001,0.702011,0.5265148461170502,0.6362920000000001,0.702011,0.44559531176096384,0.6362920000000001,0.702011,0.033763,0.702011,0.029004,0.065719,0.028807,0.996078,0.0,6.0,
RS01_066,0.5045987510201019,0.661945,0.718161,0.5045987510201019,0.661945,0.718161,0.41655203942040764,0.661945,0.718161,0.032845,0.718161,0.029404,0.056216,0.024403,0.996078,0.0,6.0,
RS01_067,0.622553830323691,0.556946,0.630484,0.622553830323691,0.556946,0.630484,0.4919196561507165,0.5801810000000001,0.630484,0.028901,0.630484,0.050303,0.048537,0.03671,0.996078,0.0,6.0,
RS01_068,0.4690482165643638,0.704111,0.744044,0.4690482165643638,0.704111,0.744044,0.3707660263952809,0.704111,0.744044,0.031353,0.744044,0.025946,0.039933,0.024046,0.996078,0.0,6.0,
RS01_069,0.4921220808907744,0.6874429999999999,0.734049,0.4921220808907744,0.6874429999999999,0.734049,0.3618073954467156,0.699324,0.734049,0.026344,0.734049,0.025126,0.034725,0.028508,0.996078,0.0,6.0,
RS01_070,0.4808249034304893,0.698495,0.73635,0.4808249034304893,0.698495,0.73635,0.3773726829002047,0.700104,0.73635,0.033942,0.73635,0.030867,0.036246,0.022138,0.996078,0.0,6.0,
RS01_071,0.4681934055605747,0.7100120000000001,0.746824,0.4681934055605747,0.7100120000000001,0.746824,0.36718253225142145,0.711987,0.746824,0.031318,0.746824,0.029834,0.034837,0.023472,0.972549,0.0,6.0,
RS01_072,0.6406863894776456,0.495409,0.605902,0.6406863894776456,0.495409,0.605902,0.5690913496321063,0.49540900000000004,0.605902,0.042682,0.605902,0.028818,0.110493,0.040994,0.996078,0.0,6.0,
RS01_073,0.6885652167248583,0.4215239999999999,0.541777,0.6885652167248583,0.4215239999999999,0.541777,0.5913915156600938,0.42152399999999995,0.541777,0.025592,0.541777,0.032013,0.120253,0.046435,0.980392,0.0,6.0,
RS01_074,0.4774205444132315,0.6914659999999999,0.738995,0.4774205444132315,0.6914659999999999,0.738995,0.38841833892198,0.6914659999999999,0.738995,0.027923,0.738995,0.027548,0.047529,0.027198,0.992157,0.019608,6.0,
RS01_075,0.4463695045950591,0.721325,0.761403,0.4463695045950591,0.721325,0.761403,0.34864371136062144,0.721325,0.761403,0.027763,0.761403,0.025339,0.040078,0.020184,0.996078,0.0,6.0,
RS01_076,0.564716025302964,0.60737,0.674476,0.564716025302964,0.60737,0.674476,0.4881897175725124,0.60737,0.674476,0.054007,0.674476,0.027233,0.067106,0.029217,0.996078,0.0,6.0,
RS01_077,0.4764420613961214,0.693253,0.738739,0.4764420613961214,0.693253,0.738739,0.3827932218386679,0.693253,0.738739,0.028208,0.738739,0.027094,0.045486,0.026228,0.996078,0.0,6.0,
RS01_078,0.4753270504205065,0.70122,0.74466,0.4753270504205065,0.70122,0.74466,0.3557420509824884,0.710666,0.74466,0.02722,0.74466,0.023948,0.033994,0.028216,0.984314,0.0,6.0,
RS01_079,0.7341352302143391,0.2240089999999999,0.45807,0.7341352302143391,0.2240089999999999,0.45807,0.6709101512890294,0.22400899999999999,0.45807,0.035691,0.45807,0.035417,0.234061,0.030127,0.996078,0.0,6.0,
RS01_080,0.4667933743388308,0.708855,0.745727,0.4667933743388308,0.708855,0.745727,0.3627500339863029,0.7101120000000001,0.745727,0.032273,0.745727,0.027147,0.035615,0.022262,0.996078,0.0,6.0,
TJ04_033,,,,,,,0.5313368149921742,0.528853,0.606258,0.028441,0.606258,0.027514,0.077405,0.055613,0.992157,0.0,,5.0
TJ04_036,,,,,,,0.5240229746275309,0.502553,0.602827,0.029842,0.602827,0.028396,0.100274,0.032403,0.780392,0.137255,,6.0
TJ04_041,,,,,,,0.5434620516986903,0.470666,0.606552,0.031456,0.606552,0.028618,0.135886,0.026255,0.929412,0.0,,5.0
TJ04_045,,,,,,,0.5681515534756761,0.474891,0.611275,0.032877,0.611275,0.027332,0.136384,0.041514,0.996078,0.003922,,5.0
TJ04_047,,,,,,,0.5436251672365279,0.48789599999999994,0.615377,0.033175,0.615377,0.025743,0.127481,0.032996,0.968627,0.0,,5.0
TJ04_050,,,,,,,0.4689376232218073,0.586737,0.639859,0.030596,0.639859,0.030919,0.053122,0.039042,0.968627,0.003922,,6.0
BCR_001,,,,,,,0.46221448514011015,0.621713,0.688001,0.029677,0.688001,0.029858,0.066288,0.037839,0.482353,0.74902,,8.0
BCR_002,,,,,,,0.39080007632999625,0.6504449999999999,0.690491,0.026836,0.690491,0.028462,0.040046,0.026709,0.011765,0.996078,,8.0
BCR_003,,,,,,,0.709685704883566,0.36522499999999997,0.510906,0.031114,0.510906,0.034945,0.145681,0.124281,0.0,0.501961,,7.0
BCR_004,,,,,,,0.41919953317721553,0.663914,0.725237,0.027769,0.725237,0.027177,0.061323,0.03036,0.05098,0.45098,,7.0
BCR_005,,,,,,,0.4785825491592173,0.565659,0.641325,0.031298,0.641325,0.031254,0.075666,0.027065,0.647059,0.121569,,6.0
BCR_006,,,,,,,0.3632987610483967,0.717224,0.751301,0.029413,0.751301,0.027214,0.034077,0.027285,0.0,0.176471,,6.0
BCR_007,,,,,,,0.3625213555069722,0.718002,0.753128,0.02933,0.753128,0.02745,0.035126,0.026077,0.32549,0.12549,,6.0
BCR_008,,,,,,,,,,,0.574818,0.027993,0.157733,,0.007843,0.062745,,5.0
BCR_009,,,,,,,,,,,0.744387,0.030411,0.034437,,0.007843,0.058824,,5.0
RS02_001,0.5096040669052228,0.668394,0.713976,0.5096040669052228,0.668394,0.713976,0.3958774200520399,0.6760900000000001,0.713976,0.026625,0.713976,0.030473,0.037886,0.033479,0.345098,0.670588,6.0,
RS02_002,0.4614801242194223,0.706137,0.748944,0.4614801242194223,0.706137,0.748944,0.36735241476662095,0.706137,0.748944,0.025983,0.748944,0.026984,0.042807,0.024884,0.47451,0.917647,6.0,
RS02_003,0.645732595396301,0.4079919999999999,0.579529,0.645732595396301,0.4079919999999999,0.579529,0.5854015684984646,0.40799199999999997,0.579529,0.029491,0.579529,0.030928,0.171537,0.031205,0.188235,0.929412,6.0,
RS02_004,0.5996063009578483,0.5589259999999999,0.644048,0.5996063009578483,0.5589259999999999,0.644048,0.4521742360760383,0.602169,0.644048,0.032518,0.644048,0.039641,0.041879,0.030157,0.137255,0.937255,6.0,
RS02_005,0.46521564803822,0.707988,0.749486,0.46521564803822,0.707988,0.749486,0.3742923680125919,0.711662,0.749486,0.031708,0.749486,0.031454,0.037824,0.022786,0.0,0.764706,6.0,
RS02_006,0.5918077520222844,0.581286,0.651907,0.5918077520222844,0.581286,0.651907,0.46739709343973496,0.581286,0.651907,0.029174,0.651907,0.028912,0.070621,0.031237,0.478431,0.666667,6.0,
RS02_007,0.4904069087152547,0.688845,0.732044,0.4904069087152547,0.688845,0.732044,0.3650511671730074,0.696824,0.732044,0.02695,0.732044,0.024957,0.03522,0.02887,0.039216,0.666667,6.0,
RS02_008,0.6060335584133202,0.5490820000000001,0.63763,0.6060335584133202,0.5490820000000001,0.63763,0.546590617106771,0.5490820000000001,0.63763,0.031315,0.63763,0.037693,0.051168,0.088548,0.0,0.670588,6.0,
RS02_009,0.6426210978897648,0.479074,0.598554,0.6426210978897648,0.479074,0.598554,0.47357819090160547,0.540662,0.598554,0.029387,0.598554,0.033646,0.057892,0.026914,0.231373,0.670588,6.0,
RS02_010,0.4578724523726039,0.715607,0.753901,0.4578724523726039,0.715607,0.753901,0.37408831690147304,0.717592,0.753901,0.032277,0.753901,0.025263,0.036309,0.030222,0.031373,0.882353,6.0,
RS02_011,0.5762468930305689,0.599855,0.666017,0.5762468930305689,0.599855,0.666017,0.4729073460236615,0.606044,0.666017,0.029915,0.666017,0.033864,0.059973,0.039367,0.058824,0.521569,5.0,
RS02_012,0.8270647542136014,0.253628,0.395531,0.8270647542136014,0.253628,0.395531,0.9021512954565579,0.022401000000000004,0.141903,0.040919,0.141903,0.043003,0.119502,0.041441,0.262745,0.47451,5.0,
TJ03_001,,,,,,,0.46221448514011015,0.621713,0.688001,0.029677,0.688001,0.029858,0.066288,0.037839,0.482353,0.74902,,8.0
TJ03_002,,,,,,,0.42328237422385107,0.645075,0.690577,0.031263,0.690577,0.031976,0.045502,0.030109,0.231373,0.976471,,8.0
TJ03_003,,,,,,,0.39080007632999625,0.6504449999999999,0.690491,0.026836,0.690491,0.028462,0.040046,0.026709,0.011765,0.996078,,8.0
TJ03_004,,,,,,,0.5178414780167411,0.483471,0.538345,0.024768,0.538345,0.033741,0.042055,0.054874,0.0,0.952941,,8.0
TJ03_005,,,,,,,0.36981992695531346,0.710843,0.741776,0.030933,0.741776,0.028036,0.030727,0.02989,0.007843,0.564706,,7.0
TJ03_007,,,,,,,0.41919953317721553,0.663914,0.725237,0.027769,0.725237,0.027177,0.061323,0.03036,0.05098,0.45098,,7.0
TJ03_008,,,,,,,0.7102284383150371,0.288285,0.437534,0.051362,0.437534,0.052518,0.149249,0.030917,0.0,0.882353,,7.0
TJ03_010,,,,,,,0.3632987610483967,0.717224,0.751301,0.029413,0.751301,0.027214,0.034077,0.027285,0.0,0.176471,,6.0
TJ03_012,,,,,,,0.5677226831093364,0.48017200000000004,0.60482,0.030043,0.60482,0.033993,0.124648,0.040331,0.0,0.188235,,6.0
TJ03_013,,,,,,,0.8182178630746128,0.18760900000000003,0.29798,0.042382,0.063281,0.053046,0.29798,0.110371,0.286275,0.956863,,6.0
TJ03_014,,,,,,,0.5795701198351534,0.41708500000000004,0.574818,0.028336,0.574818,0.027993,0.157733,0.035051,0.007843,0.062745,,5.0
TJ03_015,,,,,,,0.3810156429411408,0.70995,0.744387,0.029867,0.744387,0.030411,0.034437,0.031043,0.007843,0.058824,,5.0
TJ03_016,,,,,,,,,,,0.543672,0.035351,0.163379,,0.431373,0.254902,,5.0
TJ04_003,,,,,,,0.653032359925849,0.388486,0.502034,0.042856,0.502034,0.050374,0.113548,0.03809,0.937255,0.0,,6.0
TJ04_004,,,,,,,,,,,0.506035,0.051885,0.09841,,0.031373,0.0,,6.0
TJ04_005,,,,,,,,,,,0.517088,0.041279,0.087929,,,,,6.0
TJ04_006,,,,,,,,,,,0.519421,0.040369,0.129749,,0.0,0.0,,6.0
TJ04_010,,,,,,,,,,,0.549717,0.033599,0.069727,,0.231373,0.0,,6.0
TJ04_012,,,,,,,0.6140063601644984,0.474437,0.564109,0.069515,0.564109,0.030263,0.089672,0.044376,0.015686,0.133333,,7.0
TJ04_013,,,,,,,,,,,0.562159,0.039006,0.043866,,0.0,0.0,,6.0
TJ04_014,,,,,,,,,,,0.527624,0.044122,0.037201,,0.0,0.0,,7.0
TJ04_015,,,,,,,,,,,0.5395,0.038559,0.165353,,0.0,0.0,,6.0
TJ04_029,,,,,,,0.547566486837925,0.453462,0.585827,0.02932,0.585827,0.029868,0.132365,0.025887,0.0,0.607843,,10.0
TJ04_034,,,,,,,0.5983934914888356,0.44893700000000003,0.593273,0.034214,0.593273,0.034585,0.144336,0.043209,0.0,0.0,,6.0
TJ04_038,,,,,,,0.5578315312113544,0.542929,0.623413,0.045377,0.623413,0.036752,0.080484,0.045607,0.0,0.0,,6.0
TJ04_039,,,,,,,0.5465036662087513,0.5560710000000001,0.622909,0.033623,0.622909,0.056691,0.066838,0.041297,0.0,0.0,,6.0
TJ04_044,,,,,,,0.544749545117618,0.557171,0.631698,0.04455,0.631698,0.04719,0.074527,0.034484,,,,6.0
TJ04_049,,,,,,,0.538979613982723,0.556419,0.633003,0.030401,0.633003,0.027627,0.068329,0.076584,0.47451,0.0,,7.0
TJ04_053,,,,,,,0.5007133230281205,0.573683,0.635897,0.034219,0.635897,0.042983,0.062214,0.032758,0.043137,0.0,,7.0
TJ04_055,,,,,,,0.5129273546467158,0.582012,0.644403,0.034551,0.644403,0.031933,0.062391,0.053826,0.066667,0.172549,,8.0
TJ04_056,,,,,,,0.49426926275827204,0.5757019999999999,0.644335,0.036082,0.644335,0.031942,0.03533,0.068633,0.0,0.0,,6.0
TJ04_058,,,,,,,0.5175913837549934,0.571475,0.647794,0.028328,0.647794,0.031334,0.05478,0.076319,0.12549,0.0,,7.0
TJ04_059,,,,,,,0.507647673142647,0.572958,0.649551,0.043771,0.649551,0.030705,0.076593,0.032695,0.0,0.0,,6.0
TJ04_063,,,,,,,0.45403152769550265,0.611433,0.657094,0.030674,0.657094,0.045661,0.039774,0.032283,0.0,0.0,,6.0
TJ04_064,,,,,,,0.5131858945419645,0.543253,0.650104,0.031575,0.650104,0.032223,0.106851,0.028541,0.003922,0.0,,6.0
TJ04_067,,,,,,,0.4476176427236726,0.610537,0.659328,0.039431,0.659328,0.048791,0.031365,0.02659,0.035294,0.0,,6.0
TJ04_069,,,,,,,0.4324299248708396,0.6063120000000001,0.659506,0.027099,0.659506,0.029719,0.053194,0.028952,0.231373,0.0,,7.0
TJ04_070,,,,,,,0.4199848597389251,0.625478,0.665565,0.031093,0.665565,0.03598,0.040087,0.024934,0.0,0.713726,,10.0
TJ04_071,,,,,,,0.5194248891114315,0.541193,0.656024,0.032981,0.656024,0.031434,0.114831,0.028824,0.0,0.0,,6.0
TJ04_072,,,,,,,0.4962309550757606,0.588066,0.671006,0.034312,0.671006,0.035598,0.08294,0.031181,0.0,0.0,,6.0
TJ04_073,,,,,,,0.48112822388922893,0.627875,0.677682,0.038006,0.677682,0.03454,0.046627,0.049807,0.0,0.0,,6.0
TJ04_075,,,,,,,0.46225227429358173,0.6049599999999999,0.672333,0.030523,0.672333,0.030999,0.067373,0.031574,0.031373,0.003922,,7.0
TJ04_076,,,,,,,0.4839044257049628,0.571553,0.666758,0.02594,0.666758,0.028646,0.095205,0.031767,0.0,0.07451,,7.0
TJ04_077,,,,,,,0.48054981334430075,0.623072,0.679616,0.036514,0.679616,0.036197,0.056544,0.040415,0.0,0.0,,6.0
TJ04_079,,,,,,,0.49992636241766025,0.607567,0.677329,0.036041,0.677329,0.036271,0.069762,0.041437,0.0,0.0,,6.0
TJ04_082,,,,,,,0.4400895407128588,0.644459,0.682281,0.035766,0.682281,0.034383,0.037472,0.037822,0.0,0.0,,6.0
TJ04_084,,,,,,,0.4533904130243618,0.614789,0.675737,0.031668,0.675737,0.032095,0.060948,0.029997,0.203922,0.94902,,10.0
TJ04_085,,,,,,,0.5011011015722572,0.622395,0.681088,0.040116,0.681088,0.030932,0.054471,0.058693,0.0,0.0,,6.0
TJ04_087,,,,,,,0.4867704078862971,0.621734,0.682654,0.044111,0.682654,0.041775,0.06092,0.028798,0.0,0.0,,6.0
TJ04_089,,,,,,,0.4219185094890177,0.64535,0.682596,0.035217,0.682596,0.03218,0.031175,0.037246,0.0,0.0,,6.0
TJ04_093,,,,,,,0.46372399232938843,0.6367419999999999,0.686363,0.037866,0.686363,0.035546,0.049621,0.037398,0.019608,0.019608,,6.0
TJ04_096,,,,,,,0.44671578168119735,0.6229680000000001,0.68754,0.029916,0.68754,0.033231,0.064572,0.027001,0.231373,0.129412,,7.0
TJ04_098,,,,,,,0.4472345957326614,0.6469539999999999,0.692857,0.034752,0.692857,0.036423,0.045903,0.035058,0.0,0.0,,6.0
TJ04_100,,,,,,,0.5053952562322115,0.63137,0.691708,0.051551,0.691708,0.034117,0.060338,0.043211,0.0,0.0,,6.0
RS03_001,0.8566416283624521,0.134813,0.339373,0.8566416283624521,0.134813,0.339373,0.7954606554126562,0.134813,0.339373,0.056566,0.20456,0.057124,0.339373,0.038878,0.003922,0.0,6.0,
RS03_002,0.7376546428629384,0.375584,0.517413,0.7376546428629384,0.375584,0.517413,0.5836101410530177,0.461324,0.517413,0.044675,0.056089,0.055815,0.517413,0.030317,0.007843,0.0,6.0,
RS03_003,0.704948658130096,0.449387,0.557886,0.704948658130096,0.449387,0.557886,0.587702433625377,0.493897,0.557886,0.045648,0.063989,0.05794,0.557886,0.03631,0.039216,0.0,4.0,
RS03_004,0.8140140480965281,0.0729369999999999,0.348095,0.8140140480965281,0.0729369999999999,0.348095,0.7728581208833304,0.07293699999999997,0.348095,0.0417,0.275158,0.047484,0.348095,0.054007,0.0,0.0,4.0,
RS03_005,0.8196504545166083,0.0344559999999999,0.32589,0.8196504545166083,0.0344559999999999,0.32589,0.7440410095539668,0.03445599999999999,0.32589,0.033869,0.32589,0.039889,0.291434,0.044734,0.486275,0.0,4.0,
RS03_006,0.8664534478619428,0.129546,0.322062,0.8664534478619428,0.129546,0.322062,0.8476288884771919,0.12954600000000002,0.322062,0.100683,0.192516,0.032977,0.322062,0.076084,0.0,0.0,4.0,
RS03_007,0.8416795315411426,0.204116,0.369851,0.8416795315411426,0.204116,0.369851,0.8219515194234326,0.204116,0.369851,0.038406,0.165735,0.045739,0.369851,0.160917,0.0,0.0,4.0,
RS03_008,0.9279187940974942,0.038349,0.243296,0.9279187940974942,0.038349,0.243296,0.8758216539818656,0.03834900000000002,0.243296,0.243296,0.059471,0.204947,0.10298,0.038138,0.0,0.0,3.0,
RS03_009,0.9212297252413808,0.107336,0.269216,0.9212297252413808,0.107336,0.269216,0.869891253831272,0.10733600000000001,0.269216,0.269216,0.045433,0.16188,0.143767,0.041738,0.0,0.0,3.0,
RS03_010,0.8869135434985863,0.008922,0.213756,0.8869135434985863,0.008922,0.213756,0.822058964907119,0.007650999999999991,0.204834,0.028659,0.204834,0.042363,0.197183,0.050531,0.027451,0.0,3.0,
RS03_011,0.7705405528173508,0.0566349999999999,0.364187,0.7705405528173508,0.0566349999999999,0.364187,0.7426467481773913,0.05663499999999999,0.364187,0.052634,0.364187,0.029206,0.307552,0.048585,0.996078,0.0,3.0,
RS03_012,0.8661319680902992,0.082798,0.29231,0.8661319680902992,0.082798,0.29231,0.8483738218511928,0.109893,0.209512,0.025993,0.099619,0.068653,0.209512,0.041686,0.015686,0.007843,3.0,
RS03_013,0.8345598904797571,0.130852,0.369777,0.8345598904797571,0.130852,0.369777,0.8344327531709296,0.13085200000000002,0.369777,0.048233,0.369777,0.082003,0.238925,0.080092,0.0,0.0,3.0,
RS03_014,0.798248269678087,0.0816679999999999,0.358828,0.798248269678087,0.0816679999999999,0.358828,0.739684580565515,0.08166799999999996,0.358828,0.035552,0.27716,0.031424,0.358828,0.056473,0.996078,0.0,3.0,
RS03_015,0.8690896449653283,0.07093,0.282052,0.8690896449653283,0.07093,0.282052,0.8195363980127077,0.15954200000000002,0.211122,0.035743,0.05158,0.040486,0.211122,0.050435,0.035294,0.003922,3.0,
RS03_016,0.8846531225137624,0.0212699999999999,0.241749,0.8846531225137624,0.0212699999999999,0.241749,0.7835031093290711,0.08495899999999998,0.241749,0.037528,0.15679,0.030757,0.241749,0.033207,0.866667,0.003922,2.0,
RS03_017,0.6786225283064267,0.333797,0.532369,0.6786225283064267,0.333797,0.532369,0.6044210710279501,0.333797,0.532369,0.027345,0.532369,0.028646,0.198572,0.029088,0.321569,0.14902,2.0,
RS03_018,0.8524399177113816,0.071607,0.293142,0.8524399177113816,0.071607,0.293142,0.7821752636826267,0.10775200000000001,0.293142,0.038386,0.293142,0.044471,0.18539,0.038907,0.070588,0.0,2.0,
RS03_019,0.7444765987403401,0.280511,0.475013,0.7444765987403401,0.280511,0.475013,0.6924991116202125,0.280511,0.475013,0.045224,0.475013,0.035741,0.194502,0.043813,0.0,0.0,2.0,
RS03_020,0.7671832404761646,0.27504,0.457507,0.7671832404761646,0.27504,0.457507,0.7965640142763026,0.131371,0.182467,0.03311,0.051096,0.031416,0.182467,0.027514,0.290196,0.0,2.0,
RS03_021,0.8832110295833434,0.011882,0.238432,0.8832110295833434,0.011882,0.238432,0.8660830257972644,0.011882000000000004,0.238432,0.037544,0.238432,0.042116,0.22655,0.18321,0.027451,0.0,2.0,
RS03_022,0.7427845437952706,0.217922,0.454454,0.7427845437952706,0.217922,0.454454,0.7771011429363934,0.185412,0.236532,0.045041,0.05112,0.037708,0.236532,0.034567,,,1.0,
RS03_023,0.704070741130193,0.303207,0.507345,0.704070741130193,0.303207,0.507345,0.6634772133782841,0.30320700000000006,0.507345,0.026837,0.507345,0.034784,0.204138,0.054024,0.976471,0.0,1.0,
RS03_024,0.7083533157859185,0.257412,0.489099,0.7083533157859185,0.257412,0.489099,0.6621317652689199,0.257412,0.489099,0.040839,0.489099,0.024419,0.231687,0.039755,0.996078,0.0,1.0,
RS03_025,0.7758491165477969,0.217249,0.431225,0.7758491165477969,0.217249,0.431225,0.7513043123819989,0.21724900000000003,0.431225,0.057184,0.431225,0.034568,0.213976,0.06231,0.996078,0.0,1.0,
RS03_026,0.7287653755237299,0.2296349999999999,0.463879,0.7287653755237299,0.2296349999999999,0.463879,0.6632118124567252,0.22963499999999998,0.463879,0.0346,0.463879,0.025369,0.234244,0.038569,0.996078,0.0,1.0,
RS03_027,0.7406863883407284,0.205121,0.445286,0.7406863883407284,0.205121,0.445286,0.6958649393934796,0.20512100000000003,0.445286,0.041888,0.445286,0.021489,0.240165,0.05373,0.996078,0.0,1.0,
RS03_028,0.677981949292394,0.3533969999999999,0.539835,0.677981949292394,0.3533969999999999,0.539835,0.6265347322153204,0.35339699999999996,0.539835,0.040254,0.539835,0.025322,0.186438,0.037493,0.996078,0.0,1.0,
RS03_029,0.6985577832366768,0.2928789999999999,0.506508,0.6985577832366768,0.2928789999999999,0.506508,0.6474045956528551,0.29287899999999994,0.506508,0.037936,0.506508,0.029184,0.213629,0.034437,0.996078,0.0,1.0,
RS03_030,0.8623636192896378,0.047622,0.265893,0.8623636192896378,0.047622,0.265893,0.8261061242430512,0.007453999999999988,0.218271,0.037034,0.210817,0.050849,0.218271,0.04299,0.862745,0.0,1.0,
RS03_031,0.8839009744711323,0.0320449999999999,0.249799,0.8839009744711323,0.0320449999999999,0.249799,0.8583281436387986,0.03500400000000001,0.217754,0.041419,0.217754,0.041412,0.18275,0.069146,0.984314,0.0,1.0,
RS03_032,0.6728791361204961,0.327945,0.528838,0.6728791361204961,0.327945,0.528838,0.6291479820402838,0.32794500000000004,0.528838,0.033801,0.528838,0.028244,0.200893,0.036188,0.996078,0.0,1.0,
RS03_033,0.7605735340021004,0.255976,0.453891,0.7605735340021004,0.255976,0.453891,0.7311765842340838,0.255976,0.453891,0.093568,0.453891,0.031667,0.197915,0.033591,0.996078,0.0,1.0,
RS03_034,0.622655580035458,0.40813,0.59039,0.622655580035458,0.40813,0.59039,0.5762044145938721,0.40813,0.59039,0.029871,0.59039,0.027357,0.18226,0.028907,0.835294,0.0,0.0,
TJ01_001,,,,,,,0.8382858162752639,0.15975000000000003,0.302283,0.142533,0.092092,0.056522,0.302283,0.035712,0.0,0.0,,9.0
TJ01_002,,,,,,,0.7169065997359383,0.30234799999999995,0.38469,0.082342,0.042986,0.064676,0.38469,0.036388,0.0,0.0,,8.0
TJ01_003,,,,,,,0.8788801557671957,0.10508899999999999,0.267229,0.16214,0.076269,0.097096,0.267229,0.035865,0.0,0.0,,8.0
TJ01_004,,,,,,,0.7619840281479605,0.268751,0.388438,0.119687,0.051118,0.065416,0.388438,0.043944,0.0,0.0,,8.0
TJ01_005,,,,,,,0.737690552714567,0.31115400000000004,0.423366,0.065277,0.059339,0.112212,0.423366,0.038243,0.0,0.0,,8.0
TJ01_006,,,,,,,0.7794622021674846,0.21685600000000002,0.392817,0.175961,0.05149,0.069175,0.392817,0.043833,0.0,0.0,,8.0
TJ01_007,,,,,,,0.9017573851572356,0.109313,0.2945,0.185187,0.059929,0.068668,0.2945,0.155455,0.0,0.0,,8.0
TJ01_008,,,,,,,0.8292144839842616,0.13482999999999998,0.330914,0.196084,0.084713,0.062604,0.330914,0.038004,0.0,0.0,,8.0
TJ01_009,,,,,,,0.7135969775054639,0.335331,0.459296,0.123965,0.068018,0.055563,0.459296,0.033239,0.0,0.0,,8.0
TJ01_010,,,,,,,0.7393955605480889,0.33143199999999995,0.415855,0.084423,0.059181,0.060647,0.415855,0.05368,0.0,0.0,,8.0
TJ01_011,,,,,,,0.8297672133177599,0.14001100000000002,0.298808,0.158797,0.053415,0.074898,0.298808,0.037677,0.0,0.0,,8.0
TJ01_012,,,,,,,0.7739201450140307,0.09541799999999998,0.336074,0.240656,0.060193,0.043588,0.336074,0.03413,0.0,0.0,,8.0
TJ01_013,,,,,,,0.7828435615863043,0.26334199999999996,0.365019,0.101677,0.062922,0.083601,0.365019,0.034161,0.0,0.0,,8.0
TJ01_014,,,,,,,0.8194964573435838,0.192004,0.286849,0.094845,0.066348,0.060318,0.286849,0.034833,0.0,0.0,,8.0
TJ01_015,,,,,,,0.7937221338372641,0.179317,0.354437,0.17512,0.06284,0.062066,0.354437,0.03538,0.0,0.0,,8.0
TJ01_016,,,,,,,0.8069474719523025,0.267452,0.405397,0.137945,0.069289,0.039071,0.405397,0.114607,0.0,0.0,,8.0
TJ01_017,,,,,,,0.810269450544809,0.255141,0.365662,0.110521,0.071836,0.098878,0.365662,0.037283,0.0,0.0,,8.0
TJ01_018,,,,,,,0.7501140293928078,0.267902,0.373488,0.105586,0.061378,0.054846,0.373488,0.034283,0.0,0.0,,8.0
TJ01_019,,,,,,,0.7732125907007819,0.267904,0.366129,0.098225,0.057418,0.060887,0.366129,0.047633,0.0,0.0,,8.0
TJ01_020,,,,,,,0.6706964245138423,0.316408,0.379738,0.03987,0.049274,0.06333,0.379738,0.033448,0.0,0.0,,8.0
TJ01_021,,,,,,,0.7757894231604927,0.258004,0.326715,0.061582,0.068711,0.064742,0.326715,0.038751,0.0,0.0,,8.0
TJ01_022,,,,,,,0.7326709363712022,0.356372,0.46971,0.065603,0.113338,0.066311,0.46971,0.047992,0.0,0.0,,8.0
TJ01_023,,,,,,,0.8702301441219774,0.16856700000000002,0.266602,0.090099,0.083764,0.098035,0.266602,0.035049,0.0,0.0,,8.0
TJ01_024,,,,,,,0.7014660898257451,0.37555,0.448449,0.065405,0.061951,0.072899,0.448449,0.042607,0.0,0.0,,8.0
TJ01_025,,,,,,,0.9010818178784046,0.13501100000000002,0.270351,0.120587,0.092881,0.13534,0.270351,0.041343,0.0,0.0,,8.0
TJ01_026,,,,,,,0.9121355106718851,0.09920599999999999,0.261337,0.098117,0.162131,0.131882,0.261337,0.041821,0.0,0.0,,8.0
TJ01_027,,,,,,,0.827411296865227,0.24065099999999998,0.371262,0.130611,0.10849,0.063462,0.371262,0.048797,0.0,0.0,,8.0
TJ01_028,,,,,,,0.8329231782102157,0.168646,0.260926,0.066829,0.038152,0.09228,0.260926,0.049564,0.0,0.0,,8.0
TJ01_029,,,,,,,0.8284852153860577,0.205338,0.328563,0.123225,0.066601,0.085473,0.328563,0.039237,0.0,0.0,,8.0
TJ01_030,,,,,,,0.836732664743465,0.100544,0.324229,0.223685,0.067732,0.075996,0.324229,0.0445,0.0,0.0,,8.0
TJ01_031,,,,,,,0.7389235541968131,0.328284,0.403296,0.075012,0.064571,0.068204,0.403296,0.042775,0.0,0.0,,8.0
TJ01_032,,,,,,,0.7602845198871157,0.324691,0.428547,0.103856,0.077642,0.042296,0.428547,0.071938,0.0,0.0,,8.0
TJ01_033,,,,,,,0.818213025628242,0.158716,0.333553,0.174837,0.080831,0.047847,0.333553,0.044807,0.0,0.0,,7.0
TJ02_001,,,,,,,0.9850573071834505,0.005388000000000004,0.159586,0.154198,0.109284,0.110473,0.159586,0.089761,0.007843,0.003922,,7.0
TJ02_002,,,,,,,,,,,0.168861,0.048614,0.193139,,0.227451,0.003922,,6.0
TJ02_004,,,,,,,,,,,0.158847,0.029061,0.208103,,0.0,0.023529,,6.0
TJ02_005,,,,,,,,,,,0.243942,0.029217,0.188663,,0.278431,0.129412,,6.0
TJ02_008,,,,,,,,,,,0.266494,0.041933,0.231562,,0.031373,0.007843,,6.0
TJ02_011,,,,,,,,,,,0.203474,0.057817,0.172489,,0.039216,0.0,,6.0
TJ02_014,,,,,,,,,,,0.264378,0.040602,0.083168,,0.0,0.0,,6.0
TJ02_016,,,,,,,0.7437415602349273,0.191696,0.285476,0.033799,0.036653,0.033887,0.285476,0.09378,0.341176,0.003922,,7.0
TJ02_019,,,,,,,0.8226735186986367,0.11465800000000001,0.322108,0.051647,0.322108,0.088203,0.20745,0.037272,0.007843,0.0,,7.0
TJ02_022,,,,,,,,,,,0.068345,0.030193,0.176022,,0.0,0.003922,,6.0
TJ02_023,,,,,,,,,,,0.371382,0.03516,0.175331,,0.035294,0.011765,,6.0
TJ02_027,,,,,,,0.9580745838792278,0.012716000000000005,0.128006,0.056547,0.128006,0.11529,0.080343,0.048711,0.0,0.0,,7.0
TJ02_030,,,,,,,,,,,0.347392,0.033274,0.221674,,0.470588,0.0,,6.0
TJ02_033,,,,,,,0.7661812755051065,0.21049099999999998,0.271536,0.042141,0.050175,0.034066,0.271536,0.061045,0.239216,0.145098,,7.0
TJ02_040,,,,,,,0.6963603430718563,0.267583,0.331968,0.025572,0.062027,0.032404,0.331968,0.064385,0.211765,0.023529,,7.0
TJ02_043,,,,,,,,,,,0.41524,0.037377,0.189228,,0.654902,0.0,,6.0
TJ02_052,,,,,,,,,,,0.427795,0.050402,0.093841,,0.305882,0.058824,,6.0
TJ02_057,,,,,,,,,,,0.464367,0.027462,0.081169,,0.0,0.062745,,6.0
TJ02_058,,,,,,,0.6266906557365732,0.398038,0.492919,0.027916,0.492919,0.055019,0.094881,0.039562,0.478431,0.090196,,7.0
TJ02_092,,,,,,,0.8874928263538776,0.10029299999999997,0.250308,0.058943,0.06617,0.063663,0.250308,0.150015,0.294118,0.0,,7.0
TJ05_001,,,,,,,0.7946710088869888,0.055067000000000005,0.264162,0.033659,0.209095,0.054468,0.264162,0.03639,0.0,0.0,,8.0
TJ05_002,,,,,,,0.8675179448294874,0.146596,0.256564,0.058273,0.096694,0.109968,0.256564,0.036848,0.0,0.0,,8.0
TJ05_003,,,,,,,0.7623743673792736,0.079463,0.350908,0.033366,0.271445,0.042339,0.350908,0.061956,0.035294,0.0,,7.0
TJ05_004,,,,,,,0.5871398791757406,0.475533,0.533941,0.058408,0.054458,0.040679,0.533941,0.040244,0.003922,0.0,,7.0
TJ05_005,,,,,,,,,,,0.215577,0.037716,0.265022,,0.662745,0.0,,6.0
BCAJ_001,,,,,,,0.7099279259986295,0.336581,0.442838,0.062106,0.106257,0.041012,0.442838,0.048868,0.0,0.0,,8.0
BCAJ_002,,,,,,,0.8926833740524303,0.09484300000000001,0.157759,0.040355,0.062916,0.048043,0.157759,0.039211,0.0,0.003922,,7.0
BCAJ_003,,,,,,,0.9380857550373468,0.041355,0.096013,0.029987,0.032321,0.043137,0.054658,0.096013,0.0,0.0,,6.0
BCAJ_004,,,,,,,0.5588056256492016,0.45100100000000004,0.503669,0.030434,0.503669,0.052668,0.048961,0.034669,0.023529,0.0,,6.0
BCA_001,,,,,,,0.7858905815240155,0.08723399999999998,0.284502,0.039862,0.197268,0.049026,0.284502,0.03395,0.098039,0.019608,,8.0
BCA_002,,,,,,,0.8108766432083261,0.12026699999999999,0.241357,0.02767,0.12109,0.052644,0.241357,0.039872,0.023529,0.0,,8.0
BCA_003,,,,,,,0.6788426471492554,0.30149899999999996,0.429525,0.033388,0.429525,0.044413,0.128026,0.037861,0.0,0.023529,,7.0
BCA_004,,,,,,,0.8445214198574887,0.17437299999999997,0.305785,0.057967,0.305785,0.037467,0.131412,0.104578,0.078431,0.019608,,7.0
BCA_005,,,,,,,0.88771947801083,0.006258999999999987,0.150251,0.041421,0.045197,0.041187,0.150251,0.143992,0.003922,0.007843,,7.0
BCA_006,,,,,,,0.7226573940225741,0.266621,0.406398,0.039042,0.139777,0.05067,0.406398,0.042078,0.039216,0.0,,7.0
RS04_001,0.8340347572377058,0.070941,0.309946,0.8340347572377058,0.070941,0.309946,0.7561140120265798,0.143003,0.309946,0.031931,0.309946,0.041918,0.166943,0.037499,0.019608,0.0,6.0,
RS04_002,0.7352208327614028,0.127944,0.415775,0.7352208327614028,0.127944,0.415775,0.620231924595992,0.341274,0.415775,0.028951,0.074501,0.027693,0.415775,0.045942,0.0,0.0,6.0,
RS04_003,0.8469598567152173,0.006579,0.301642,0.8469598567152173,0.006579,0.301642,0.7944339812249579,0.20985200000000004,0.301642,0.049105,0.301642,0.050405,0.09179,0.047082,0.007843,0.0,6.0,
RS04_004,0.8472991038284315,0.119512,0.317815,0.8472991038284315,0.119512,0.317815,0.8290076555026573,0.13372699999999998,0.197909,0.033791,0.053935,0.064182,0.197909,0.030376,0.486275,0.0,6.0,
RS04_005,0.7739127431059584,0.29928,0.457688,0.7739127431059584,0.29928,0.457688,0.6398433210710466,0.348742,0.457688,0.034679,0.457688,0.036527,0.108946,0.037887,0.0,0.0,6.0,
RS04_006,0.8779959409129987,0.245417,0.366271,0.8779959409129987,0.245417,0.366271,0.762719173424304,0.271672,0.366271,0.065806,0.063796,0.094599,0.366271,0.034031,0.0,0.0,6.0,
RS04_007,0.7145573081684331,0.393161,0.522947,0.7145573081684331,0.393161,0.522947,0.8924038273234906,0.08672500000000001,0.129786,0.032269,0.035431,0.042428,0.129786,0.043061,0.090196,0.0,6.0,
RS04_008,0.9449430651671435,0.0093689999999999,0.191409,0.9449430651671435,0.0093689999999999,0.191409,0.9075283500097107,0.06614999999999999,0.191409,0.043235,0.125259,0.046987,0.191409,0.091686,0.0,0.0,6.0,
RS04_009,0.9119618328226884,0.081103,0.273951,0.9119618328226884,0.081103,0.273951,0.9612212366599955,0.032341999999999996,0.113829,0.048612,0.113829,0.04248,0.070973,0.081487,0.098039,0.0,6.0,
RS04_010,0.8334522233358382,0.148293,0.356846,0.8334522233358382,0.148293,0.356846,0.8386705402782441,0.12805299999999997,0.208553,0.030194,0.208553,0.069186,0.0805,0.033182,0.082353,0.003922,6.0,
RS04_011,0.8902768378433772,0.0393689999999999,0.256911,0.8902768378433772,0.0393689999999999,0.256911,0.8710383934421603,0.05335900000000002,0.217542,0.059791,0.217542,0.045159,0.164183,0.049789,0.47451,0.0,6.0,
RS04_012,0.8808201699457339,0.051506,0.291791,0.8808201699457339,0.051506,0.291791,0.8389398569507072,0.13731300000000002,0.240285,0.054432,0.102972,0.04278,0.240285,0.041957,0.070588,0.0,6.0,
RS04_013,0.9038728823721148,0.165216,0.320261,0.9038728823721148,0.165216,0.320261,0.9620556368695111,0.00026299999999999935,0.109472,0.05328,0.059561,0.050715,0.109209,0.109472,0.007843,0.0,6.0,
RS04_014,0.8407989940495161,0.1261749999999999,0.342269,0.8407989940495161,0.1261749999999999,0.342269,0.7893075216570681,0.12617499999999998,0.342269,0.048354,0.216094,0.041919,0.342269,0.058345,0.003922,0.0,6.0,
RS04_015,0.8795279690055924,0.141962,0.313869,0.8795279690055924,0.141962,0.313869,0.8108253106730582,0.17730400000000002,0.313869,0.034345,0.089784,0.043334,0.136565,0.313869,0.321569,0.0,6.0,
RS04_016,0.9262885730719282,0.013235,0.195423,0.9262885730719282,0.013235,0.195423,0.8685418249955176,0.012359999999999982,0.182188,0.024324,0.182188,0.038652,0.128658,0.169828,0.015686,0.003922,6.0,
RS04_017,0.9161227833582972,0.051482,0.258574,0.9161227833582972,0.051482,0.258574,0.8662436306960466,0.05148200000000003,0.258574,0.061185,0.258574,0.033088,0.207092,0.110027,0.0,0.0,6.0,
RS04_018,0.9441915901557166,0.0478659999999999,0.221863,0.9441915901557166,0.0478659999999999,0.221863,0.9489990513638591,0.03813399999999999,0.136727,0.065148,0.084992,0.036304,0.098593,0.136727,0.458824,0.0,6.0,
RS04_019,0.8674000025370113,0.2059059999999999,0.355386,0.8674000025370113,0.2059059999999999,0.355386,0.7713336734714633,0.259105,0.355386,0.034137,0.091691,0.045665,0.355386,0.096281,0.192157,0.0,6.0,
RS04_020,0.9039255667735788,0.0125369999999999,0.221546,0.9039255667735788,0.0125369999999999,0.221546,0.8448173464900741,0.029785000000000006,0.221546,0.032057,0.221546,0.056439,0.191761,0.055493,0.0,0.0,6.0,
RS04_021,0.8677070633408857,0.0296039999999999,0.264383,0.8677070633408857,0.0296039999999999,0.264383,0.812373005382032,0.03497399999999998,0.234779,0.035552,0.234779,0.043791,0.199805,0.04399,0.047059,0.0,6.0,
RS04_022,0.8645694621128371,0.0457819999999999,0.297587,0.8645694621128371,0.0457819999999999,0.297587,0.8527942069107237,0.105828,0.251805,0.058893,0.145977,0.06251,0.251805,0.036568,0.0,0.0,6.0,
RS04_023,0.8864944290686227,0.0099879999999999,0.236541,0.8864944290686227,0.0099879999999999,0.236541,0.8500645076366757,0.04247200000000001,0.226553,0.043927,0.184081,0.062812,0.226553,0.040445,0.0,0.0,6.0,
RS04_024,0.8448668339781359,0.0874349999999999,0.324719,0.8448668339781359,0.0874349999999999,0.324719,0.8628558503001409,0.09534099999999998,0.237284,0.039492,0.237284,0.058675,0.141943,0.058469,,,5.0,
RS04_025,0.8780889696018245,0.068144,0.288071,0.8780889696018245,0.068144,0.288071,0.8680435480138249,0.09204100000000001,0.219927,0.040554,0.219927,0.055822,0.127886,0.052063,,,5.0,
RS04_026,0.8663646662478678,0.129819,0.341021,0.8663646662478678,0.129819,0.341021,0.9607655192319902,0.0012099999999999889,0.100933,0.048545,0.100933,0.099723,0.07652,0.039597,,,5.0,
RS04_027,0.7825468891177676,0.244363,0.432371,0.7825468891177676,0.244363,0.432371,0.6826329797140714,0.244363,0.432371,0.023851,0.188008,0.036676,0.432371,0.047058,0.0,0.0,5.0,
RS04_028,0.8317604985713924,0.068711,0.312639,0.8317604985713924,0.068711,0.312639,0.7176266942197691,0.254348,0.312639,0.036531,0.312639,0.058291,0.048942,0.036091,0.462745,0.0,5.0,
RS04_029,0.9312957360753474,0.029102,0.220891,0.9312957360753474,0.029102,0.220891,0.8756615582170667,0.029102000000000017,0.220891,0.04461,0.191789,0.051925,0.220891,0.075764,0.67451,0.011765,5.0,
RS04_030,0.8684428164593015,0.144171,0.319494,0.8684428164593015,0.144171,0.319494,0.9011915057835262,0.030763000000000013,0.175323,0.03883,0.14456,0.039491,0.13821,0.175323,,,5.0,
RS04_031,0.8379584816232077,0.282746,0.411409,0.8379584816232077,0.282746,0.411409,0.8023094380434085,0.28274600000000005,0.411409,0.128663,0.411409,0.087677,0.083418,0.043937,0.0,0.0,4.0,
RS04_032,0.7638428471540015,0.053109,0.358489,0.7638428471540015,0.053109,0.358489,0.7890163125871378,0.05310900000000002,0.358489,0.120769,0.358489,0.30538,0.035823,0.033965,0.0,0.0,4.0,
RS04_033,0.8303617239527292,0.059946,0.331113,0.8303617239527292,0.059946,0.331113,0.8008999667363312,0.059946,0.331113,0.06039,0.331113,0.036147,0.067859,0.271167,0.329412,0.0,4.0,
RS04_034,0.8877612063923395,0.1506829999999999,0.297029,0.8877612063923395,0.1506829999999999,0.297029,0.8339660504737976,0.15068299999999998,0.297029,0.040129,0.297029,0.035084,0.146346,0.122194,0.039216,0.003922,4.0,
RS04_035,0.818485727170511,0.204363,0.391527,0.818485727170511,0.204363,0.391527,0.7321897345396721,0.20436300000000002,0.391527,0.036772,0.391527,0.045762,0.187164,0.041851,0.533333,0.023529,4.0,
RS04_036,0.828878014261597,0.075075,0.332142,0.828878014261597,0.075075,0.332142,0.9118615185190125,0.027812000000000003,0.118426,0.0317,0.090614,0.037488,0.118426,0.039822,0.32549,0.027451,4.0,
RS04_037,0.8710436253157883,0.1081179999999999,0.310784,0.8710436253157883,0.1081179999999999,0.310784,0.9161143579581789,0.011628,0.133236,0.033853,0.121608,0.037364,0.133236,0.082967,0.05098,0.039216,4.0,
RS04_038,0.8870263561570484,0.09215,0.287646,0.8870263561570484,0.09215,0.287646,0.8386094855493427,0.15920600000000001,0.287646,0.030503,0.12844,0.050198,0.287646,0.111897,0.121569,0.0,4.0,
RS04_039,0.7805785066153861,0.249498,0.443181,0.7805785066153861,0.249498,0.443181,0.7244497802236288,0.249498,0.443181,0.045869,0.193683,0.03609,0.443181,0.055886,0.035294,0.0,4.0,
RS04_040,0.9026157449739294,0.0138409999999999,0.240219,0.9026157449739294,0.0138409999999999,0.240219,0.8666854816724289,0.12262699999999999,0.240219,0.033573,0.240219,0.073886,0.117592,0.061738,0.011765,0.0,4.0,
RS04_041,-0.0,0.0,0.0,,,,,,,,,,,,0.0,0.0,3.0,
RS04_042,0.8203864009263513,0.080732,0.333762,0.8203864009263513,0.080732,0.333762,0.7328241744258404,0.190657,0.333762,0.032854,0.333762,0.035333,0.143105,0.040063,0.635294,0.0,3.0,
RS04_043,0.7580226220470108,0.1382839999999999,0.404041,0.7580226220470108,0.1382839999999999,0.404041,0.7074857462768798,0.13828399999999996,0.404041,0.049605,0.265757,0.022905,0.404041,0.040141,0.996078,0.0,3.0,
RS04_044,0.8304890974629582,0.0208919999999999,0.291992,0.8304890974629582,0.0208919999999999,0.291992,0.766953932408027,0.020891999999999966,0.291992,0.039471,0.2711,0.046618,0.291992,0.036783,0.780392,0.0,3.0,
RS04_045,0.8689959943598505,0.0405829999999999,0.259227,0.8689959943598505,0.0405829999999999,0.259227,0.8653989440597245,0.004059000000000007,0.168887,0.037194,0.164828,0.04515,0.168887,0.044743,0.905882,0.0,3.0,
RS04_046,0.760547342903126,0.011351,0.352086,0.760547342903126,0.011351,0.352086,0.698878977871534,0.011351,0.352086,0.032706,0.340735,0.036055,0.352086,0.031954,0.996078,0.0,3.0,
RS04_047,0.850297818739974,0.0117849999999999,0.280557,0.850297818739974,0.0117849999999999,0.280557,0.7951309180025365,0.14339600000000002,0.268772,0.036846,0.125376,0.044885,0.268772,0.038811,0.662745,0.0,3.0,
RS04_048,0.8750305350599127,0.114007,0.307062,0.8750305350599127,0.114007,0.307062,0.7802101790855761,0.114007,0.307062,0.04739,0.193055,0.036334,0.307062,0.04269,0.996078,0.0,3.0,
RS04_049,0.8093836487263923,0.188997,0.381486,0.8093836487263923,0.188997,0.381486,0.822124507116788,0.024424,0.192489,0.031168,0.192489,0.042433,0.168065,0.034547,0.07451,0.023529,3.0,
RS04_050,0.8909387801825888,0.14794,0.308514,0.8909387801825888,0.14794,0.308514,0.8311328894360966,0.14794000000000002,0.308514,0.04489,0.088019,0.043439,0.308514,0.160574,0.866667,0.0,3.0,
RS04_051,0.7432170920932258,0.0748949999999999,0.39103,0.7432170920932258,0.0748949999999999,0.39103,0.7105584438647183,0.07489499999999999,0.39103,0.03214,0.39103,0.035738,0.316135,0.0451,0.972549,0.0,3.0,
RS04_052,0.8196190044913129,0.2076589999999999,0.375824,0.8196190044913129,0.2076589999999999,0.375824,0.858737013603512,0.04916000000000001,0.168165,0.034909,0.119005,0.035566,0.168165,0.038529,0.129412,0.0,3.0,
BCF_001,,,,,,,0.38048578760997603,0.705854,0.738735,0.032881,0.738735,0.029539,0.031042,0.03103,0.0,0.0,,8.0
BCF_002,,,,,,,0.38066535722312256,0.709035,0.742439,0.033404,0.742439,0.029652,0.031867,0.030302,0.0,0.0,,8.0
BCF_003,,,,,,,0.38098310094182514,0.70365,0.736179,0.032529,0.736179,0.028461,0.030949,0.032408,0.0,0.0,,8.0
BCF_004,,,,,,,0.3804979153810818,0.7052360000000001,0.73772,0.032484,0.73772,0.030801,0.030628,0.030397,0.0,0.015686,,8.0
BCF_005,,,,,,,0.38537816093628663,0.7030069999999999,0.737023,0.034016,0.737023,0.028953,0.029922,0.03392,0.0,0.0,,8.0
BCF_006,,,,,,,0.3838641072492876,0.7033739999999999,0.736722,0.033348,0.736722,0.031048,0.030129,0.031361,0.0,0.0,,8.0
BCF_007,,,,,,,0.38173199808111924,0.7054320000000001,0.738352,0.032494,0.738352,0.029786,0.029883,0.03292,0.0,0.0,,8.0
BCF_008,,,,,,,0.37345019309714783,0.7073849999999999,0.738517,0.031132,0.738517,0.028174,0.030519,0.031059,0.0,0.0,,8.0
BCF_009,,,,,,,0.38003423577518186,0.7112700000000001,0.745056,0.032987,0.745056,0.027814,0.030831,0.033786,0.0,0.0,,8.0
BCF_010,,,,,,,0.38292765427823483,0.6993360000000001,0.732006,0.032592,0.732006,0.029775,0.029584,0.03267,0.0,0.0,,8.0
BCF_011,,,,,,,0.3834265444889645,0.690404,0.724853,0.031108,0.724853,0.027246,0.030958,0.034449,0.0,0.0,,8.0
BCF_012,,,,,,,0.38066283640145915,0.699958,0.733672,0.031798,0.733672,0.028137,0.030148,0.033714,0.0,0.0,,8.0
BCF_013,,,,,,,0.3790317186786607,0.701421,0.733046,0.030405,0.733046,0.029563,0.031625,0.031184,0.0,0.0,,8.0
BCF_014,,,,,,,0.39051436585137983,0.704878,0.740197,0.035319,0.740197,0.032532,0.030987,0.031151,0.0,0.0,,8.0
BCF_015,,,,,,,0.38896087045784733,0.700124,0.734085,0.033289,0.734085,0.029612,0.031245,0.033961,0.0,0.0,,8.0
BCF_016,,,,,,,0.3839385659213188,0.704232,0.738174,0.032183,0.738174,0.028376,0.031736,0.033942,0.0,0.0,,8.0
BCF_017,,,,,,,0.3876675786272429,0.6993,0.735199,0.032857,0.735199,0.028499,0.030482,0.035899,0.0,0.0,,8.0
BCF_018,,,,,,,0.39258385597234946,0.695925,0.730271,0.034346,0.730271,0.031962,0.030499,0.032493,0.0,0.0,,8.0
BCF_019,,,,,,,0.3788533178778612,0.710382,0.742486,0.032104,0.742486,0.030301,0.031669,0.030194,0.0,0.0,,8.0
BCF_020,,,,,,,0.3851331116906062,0.708342,0.742112,0.03377,0.742112,0.029482,0.031823,0.032416,,,,8.0
BCF_021,,,,,,,0.3876943360831254,0.6939770000000001,0.728701,0.0316,0.728701,0.026898,0.034724,0.033437,0.0,0.0,,8.0
BCF_022,,,,,,,0.3844865986651407,0.707492,0.740892,0.032227,0.740892,0.029854,0.031447,0.0334,0.0,0.0,,8.0
BCF_023,,,,,,,0.3774280592816586,0.711377,0.744087,0.03271,0.744087,0.029437,0.030532,0.031142,0.0,0.0,,8.0
BCF_024,,,,,,,0.39315335738387197,0.697133,0.731575,0.034442,0.731575,0.031492,0.032251,0.031632,0.0,0.0,,8.0
BCF_025,,,,,,,0.38567324324128366,0.703043,0.736387,0.033344,0.736387,0.032227,0.029663,0.031539,0.0,0.0,,8.0
BCF_026,,,,,,,0.3822360738144286,0.702298,0.735309,0.032319,0.735309,0.028696,0.030816,0.033011,0.0,0.0,,8.0
BCF_027,,,,,,,0.390067629596603,0.703032,0.738432,0.0354,0.738432,0.029103,0.032064,0.032927,0.0,0.0,,8.0
BCF_028,,,,,,,0.3865609781952304,0.704931,0.739532,0.034601,0.739532,0.031126,0.030371,0.031695,0.0,0.0,,8.0
BCF_029,,,,,,,0.3812475204016947,0.7016060000000001,0.734399,0.032441,0.734399,0.032793,0.030108,0.028839,0.0,0.0,,8.0
BCF_030,,,,,,,0.3822389655131164,0.701101,0.734254,0.033039,0.734254,0.028016,0.030498,0.033153,0.0,0.0,,8.0
BCF_031,,,,,,,0.38058050277814676,0.70654,0.738525,0.031985,0.738525,0.029273,0.031553,0.031689,0.0,0.0,,8.0
BCF_032,,,,,,,0.3862941004796004,0.700714,0.734011,0.033297,0.734011,0.030271,0.031009,0.032096,0.0,0.0,,8.0
BCF_033,,,,,,,0.3896268043598142,0.7018230000000001,0.735809,0.033986,0.735809,0.032441,0.030963,0.031328,0.0,0.0,,8.0
BCF_034,,,,,,,0.3784189341716153,0.707889,0.740738,0.032849,0.740738,0.031043,0.028875,0.031017,0.0,0.0,,8.0
BCF_035,,,,,,,0.3792055160045692,0.708866,0.740385,0.031519,0.740385,0.031402,0.031176,0.029992,0.0,0.0,,8.0
BCF_036,,,,,,,0.39188432113613175,0.701576,0.736023,0.034447,0.736023,0.031884,0.032156,0.03145,0.0,0.0,,8.0
BCF_037,,,,,,,0.3720450549670203,0.725457,0.759825,0.027974,0.759825,0.029701,0.034368,0.031698,0.0,0.0,,8.0
BCF_038,,,,,,,0.37927381363226087,0.7142029999999999,0.748308,0.034105,0.748308,0.03032,0.029817,0.031265,0.0,0.0,,8.0
BCF_039,,,,,,,0.3831028494433052,0.7049259999999999,0.738049,0.033123,0.738049,0.031156,0.030849,0.030583,0.0,0.0,,8.0
BCF_040,,,,,,,0.3791015362112994,0.7055520000000001,0.737083,0.030911,0.737083,0.029868,0.031531,0.031173,0.0,0.003922,,8.0
RS05_001,0.4837564737939353,0.6997639999999999,0.734787,0.4837564737939353,0.6997639999999999,0.734787,0.38773697934383644,0.70043,0.734787,0.034357,0.734787,0.031949,0.032606,0.028711,0.003922,0.0,6.0,
RS05_002,0.4763773950554542,0.7054330000000001,0.742631,0.4763773950554542,0.7054330000000001,0.742631,0.3786798994779396,0.7080470000000001,0.742631,0.034584,0.742631,0.032179,0.030953,0.026669,0.0,0.0,6.0,
RS05_003,0.466722804303945,0.714973,0.750348,0.466722804303945,0.714973,0.750348,0.3657442960595084,0.716867,0.750348,0.030181,0.750348,0.026577,0.028791,0.033481,0.0,0.0,6.0,
RS05_004,0.4825533107767183,0.703614,0.738433,0.4825533107767183,0.703614,0.738433,0.3856266212779011,0.703751,0.738433,0.034682,0.738433,0.032151,0.030238,0.030068,0.0,0.0,6.0,
RS05_005,0.4907912214352508,0.6964170000000001,0.733692,0.4907912214352508,0.6964170000000001,0.733692,0.38344219411918484,0.699229,0.733692,0.034463,0.733692,0.031701,0.029034,0.030021,0.0,0.0,6.0,
RS05_006,0.4619004555635778,0.71846,0.752157,0.4619004555635778,0.71846,0.752157,0.3735638592545196,0.71846,0.752157,0.033697,0.752157,0.030462,0.028287,0.03078,0.0,0.0,6.0,
RS05_007,0.4663036329441682,0.7160169999999999,0.749898,0.4663036329441682,0.7160169999999999,0.749898,0.3647135180089294,0.717808,0.749898,0.030931,0.749898,0.02589,0.029515,0.03209,0.0,0.0,6.0,
RS05_008,0.485776457451527,0.684069,0.737608,0.485776457451527,0.684069,0.737608,0.35957621338120166,0.7072200000000001,0.737608,0.028682,0.737608,0.030388,0.029176,0.025671,0.12549,0.0,6.0,
RS05_009,0.4735688015666227,0.709852,0.743917,0.4735688015666227,0.709852,0.743917,0.38729164000985467,0.709852,0.743917,0.033987,0.743917,0.029039,0.031882,0.034065,0.0,0.0,6.0,
RS05_010,0.5148440737661579,0.674123,0.716869,0.5148440737661579,0.674123,0.716869,0.43340385736451936,0.674123,0.716869,0.036551,0.716869,0.031998,0.042746,0.03796,0.0,0.0,6.0,
RS05_011,0.4867369939853677,0.700693,0.736638,0.4867369939853677,0.700693,0.736638,0.3830749421574457,0.7028530000000001,0.736638,0.033785,0.736638,0.031432,0.03019,0.030078,0.0,0.0,6.0,
RS05_012,0.4840761841766124,0.702117,0.737595,0.4840761841766124,0.702117,0.737595,0.3849960070233656,0.703292,0.737595,0.034303,0.737595,0.031889,0.029691,0.030773,0.0,0.0,6.0,
RS05_013,0.5109533538637968,0.674025,0.715865,0.5109533538637968,0.674025,0.715865,0.4153463703548513,0.674025,0.715865,0.033091,0.715865,0.028836,0.04184,0.03543,0.0,0.0,6.0,
RS05_014,0.4617595729874845,0.715301,0.752186,0.4617595729874845,0.715301,0.752186,0.37780002581851296,0.715301,0.752186,0.036885,0.752186,0.028713,0.031984,0.028027,0.0,0.0,6.0,
RS05_015,0.4738492973978354,0.704778,0.74186,0.4738492973978354,0.704778,0.74186,0.3744282455049562,0.7099449999999999,0.74186,0.031915,0.74186,0.030921,0.031529,0.027597,0.184314,0.098039,6.0,
RS05_016,0.4773290237493944,0.70742,0.742201,0.4773290237493944,0.70742,0.742201,0.3741880825934127,0.710855,0.742201,0.031346,0.742201,0.030729,0.030574,0.029191,0.0,0.0,6.0,
RS05_017,0.4724958896476152,0.703537,0.743844,0.4724958896476152,0.703537,0.743844,0.37865247174536565,0.703537,0.743844,0.030458,0.743844,0.027668,0.040307,0.026601,0.333333,0.0,6.0,
RS05_018,0.4846220626686655,0.703057,0.737566,0.4846220626686655,0.703057,0.737566,0.3840317386647988,0.703689,0.737566,0.033877,0.737566,0.031628,0.030177,0.030452,0.0,0.0,6.0,
RS05_019,0.4994236469441736,0.682053,0.72789,0.4994236469441736,0.682053,0.72789,0.4380584508468441,0.682053,0.72789,0.035869,0.72789,0.045837,0.042333,0.030631,0.121569,0.0,6.0,
RS05_020,0.4905008043723119,0.697863,0.733865,0.4905008043723119,0.697863,0.733865,0.386162436686126,0.697863,0.733865,0.036002,0.733865,0.032321,0.029269,0.029139,0.0,0.0,6.0,
RS05_021,0.481310368146196,0.704118,0.740139,0.481310368146196,0.704118,0.740139,0.3769205272387728,0.707032,0.740139,0.033107,0.740139,0.030589,0.028615,0.030622,0.0,0.0,6.0,
RS05_022,0.6330045133482053,0.515043,0.610553,0.6330045133482053,0.515043,0.610553,0.578738417754211,0.515043,0.610553,0.052845,0.610553,0.037007,0.09551,0.038467,0.0,0.0,6.0,
RS05_023,0.4775839308587372,0.708013,0.74182,0.4775839308587372,0.708013,0.74182,0.38362730161617514,0.708013,0.74182,0.033807,0.74182,0.032035,0.030259,0.030547,0.0,0.0,6.0,
RS05_024,0.501131462496648,0.665505,0.722768,0.501131462496648,0.665505,0.722768,0.4022132743987795,0.6789719999999999,0.722768,0.028991,0.722768,0.030278,0.043796,0.030686,0.043137,0.0,6.0,
RS05_025,0.4886266207573661,0.698715,0.734492,0.4886266207573661,0.698715,0.734492,0.3867118846491986,0.699284,0.734492,0.035208,0.734492,0.033115,0.028796,0.029973,0.0,0.0,6.0,
RS05_026,0.5033817673733989,0.675349,0.725367,0.5033817673733989,0.675349,0.725367,0.4012256070165955,0.683572,0.725367,0.027389,0.725367,0.03383,0.041795,0.030551,0.054902,0.0,6.0,
RS05_027,0.4948872684976769,0.6924,0.730433,0.4948872684976769,0.6924,0.730433,0.3880220183123027,0.69607,0.730433,0.034363,0.730433,0.030843,0.029378,0.032412,0.0,0.0,6.0,
RS05_028,0.4682029285207732,0.712774,0.746401,0.4682029285207732,0.712774,0.746401,0.3866942454999304,0.712774,0.746401,0.033627,0.746401,0.031835,0.031458,0.032086,0.0,0.0,6.0,
RS05_029,0.4907923548553868,0.691382,0.729793,0.4907923548553868,0.691382,0.729793,0.40176941879819417,0.691382,0.729793,0.031678,0.729793,0.029763,0.038411,0.034408,0.0,0.0,6.0,
RS05_030,0.4842897947097919,0.700893,0.73872,0.4842897947097919,0.700893,0.73872,0.3752275188888824,0.706385,0.73872,0.031922,0.73872,0.028512,0.029078,0.032335,0.0,0.0,6.0,
RS05_031,0.4861608408376451,0.7003710000000001,0.735539,0.4861608408376451,0.7003710000000001,0.735539,0.3894263918269954,0.700729,0.735539,0.03481,0.735539,0.033713,0.030261,0.029857,0.0,0.0,6.0,
RS05_032,0.4859194100203275,0.701787,0.736595,0.4859194100203275,0.701787,0.736595,0.38610271411295377,0.702432,0.736595,0.034163,0.736595,0.032627,0.030183,0.030085,0.0,0.0,6.0,
RS05_033,0.5026265187453638,0.6845180000000001,0.725662,0.5026265187453638,0.6845180000000001,0.725662,0.39282776481707404,0.686445,0.725662,0.033258,0.725662,0.039217,0.030129,0.02647,0.0,0.0,6.0,
RS05_034,0.4711610908636915,0.710311,0.744548,0.4711610908636915,0.710311,0.744548,0.38332571149029104,0.710311,0.744548,0.034237,0.744548,0.030578,0.032411,0.029754,0.0,0.0,6.0,
RS05_035,0.4995927208961049,0.6881539999999999,0.725911,0.4995927208961049,0.6881539999999999,0.725911,0.3982298442739542,0.69017,0.725911,0.034965,0.725911,0.030016,0.035741,0.030858,0.419608,0.0,6.0,
RS05_036,0.5734445085342627,0.5928720000000001,0.665641,0.5734445085342627,0.5928720000000001,0.665641,0.4707370122242477,0.60118,0.665641,0.025284,0.665641,0.030227,0.064461,0.043846,0.047059,0.0,6.0,
RS05_037,0.615821497891267,0.516624,0.626863,0.615821497891267,0.516624,0.626863,0.46941208898548925,0.568896,0.626863,0.029285,0.626863,0.029132,0.057967,0.035637,0.011765,0.121569,6.0,
RS05_038,0.621010249198202,0.5341769999999999,0.623199,0.621010249198202,0.5341769999999999,0.623199,0.4619907403951377,0.574892,0.623199,0.029631,0.623199,0.033185,0.048307,0.034183,0.035294,0.007843,6.0,
RS05_039,0.6089667434177054,0.548233,0.635861,0.6089667434177054,0.548233,0.635861,0.5122012350344816,0.556639,0.635861,0.026737,0.635861,0.03801,0.079222,0.040023,0.062745,0.0,6.0,
RS05_040,0.4831669439733211,0.7036220000000001,0.738894,0.4831669439733211,0.7036220000000001,0.738894,0.38397377455806564,0.7036220000000001,0.738894,0.035272,0.738894,0.030004,0.03057,0.03054,0.007843,0.0,6.0,
RS05_041,0.4776210784936001,0.7073079999999999,0.742204,0.4776210784936001,0.7073079999999999,0.742204,0.3770164633105482,0.7095779999999999,0.742204,0.032626,0.742204,0.03048,0.029362,0.030829,0.0,0.0,6.0,
RS05_042,0.4921614461822604,0.695744,0.732943,0.4921614461822604,0.695744,0.732943,0.3870418164844868,0.698913,0.732943,0.03403,0.732943,0.031197,0.030064,0.031602,0.0,0.0,6.0,
RS05_043,0.4806316670489354,0.7063809999999999,0.740914,0.4806316670489354,0.7063809999999999,0.740914,0.3795218954680177,0.707571,0.740914,0.033343,0.740914,0.029024,0.03125,0.03077,0.0,0.0,6.0,
RS05_044,0.5004428161062288,0.669863,0.723622,0.5004428161062288,0.669863,0.723622,0.36485485025322595,0.6864589999999999,0.723622,0.024602,0.723622,0.023803,0.037163,0.029328,0.258824,0.2,6.0,
RS05_045,0.4847331113554692,0.702448,0.737652,0.4847331113554692,0.702448,0.737652,0.3838785293634977,0.703932,0.737652,0.03372,0.737652,0.031161,0.029883,0.031301,0.0,0.0,6.0,
RS05_046,0.4729605421825105,0.712488,0.745644,0.4729605421825105,0.712488,0.745644,0.37901750973265447,0.712488,0.745644,0.033156,0.745644,0.030478,0.031075,0.030187,0.0,0.0,6.0,
RS05_047,0.4835518666382292,0.7002280000000001,0.736836,0.4835518666382292,0.7002280000000001,0.736836,0.38163031864639024,0.703257,0.736836,0.033579,0.736836,0.031959,0.029483,0.02977,0.0,0.0,6.0,
RS05_048,0.4529641716688564,0.727488,0.759328,0.4529641716688564,0.727488,0.759328,0.3680824182142926,0.727488,0.759328,0.029876,0.759328,0.030164,0.03184,0.029631,0.0,0.0,6.0,
RS05_049,0.6216162377414017,0.585113,0.642987,0.6216162377414017,0.585113,0.642987,0.54361662654723,0.585113,0.642987,0.057874,0.642987,0.046348,0.042251,0.053475,0.0,0.0,6.0,
RS05_050,0.4915491986628122,0.6838799999999999,0.731713,0.4915491986628122,0.6838799999999999,0.731713,0.3849291356078069,0.693332,0.731713,0.032364,0.731713,0.029143,0.038381,0.026136,0.019608,0.05098,6.0,
RS05_051,0.4839779349028744,0.70212,0.73813,0.4839779349028744,0.70212,0.73813,0.3780651539224167,0.705792,0.73813,0.032338,0.73813,0.030012,0.030197,0.030594,0.05098,0.0,6.0,
RS05_052,0.452163500011835,0.726228,0.759604,0.452163500011835,0.726228,0.759604,0.3722819537052635,0.726228,0.759604,0.032256,0.759604,0.025756,0.032533,0.033376,0.015686,0.0,6.0,
RS05_053,0.4953056296612462,0.687542,0.731722,0.4953056296612462,0.687542,0.731722,0.3793769582033786,0.698323,0.731722,0.030429,0.731722,0.030749,0.028219,0.033399,0.0,0.0,6.0,
RS05_054,0.5563349780093358,0.618718,0.683191,0.5563349780093358,0.618718,0.683191,0.44415353816931086,0.618718,0.683191,0.033652,0.683191,0.029498,0.064473,0.025016,0.031373,0.0,6.0,
RS05_055,0.4882363247649138,0.698707,0.734703,0.4882363247649138,0.698707,0.734703,0.38390705679236226,0.701029,0.734703,0.033674,0.734703,0.032785,0.029857,0.029297,0.0,0.0,6.0,
RS05_056,0.640136538435537,0.5263390000000001,0.607207,0.640136538435537,0.5263390000000001,0.607207,0.552917715074141,0.5263390000000001,0.607207,0.034218,0.607207,0.029708,0.080868,0.058054,0.478431,0.0,6.0,
RS05_057,0.4801803852972534,0.703077,0.739112,0.4801803852972534,0.703077,0.739112,0.3710705603136817,0.706476,0.739112,0.032636,0.739112,0.029959,0.03031,0.026945,0.0,0.0,6.0,
RS05_058,0.4910834252654319,0.686696,0.732864,0.4910834252654319,0.686696,0.732864,0.3742366684259576,0.6930989999999999,0.732864,0.030655,0.732864,0.039765,0.027627,0.023142,0.0,0.0,6.0,
RS05_059,0.6138653283621556,0.517089,0.629884,0.6138653283621556,0.517089,0.629884,0.44194473206083545,0.589546,0.629884,0.032502,0.629884,0.030049,0.032646,0.040338,0.0,0.0,6.0,
RS05_060,0.4903952693407014,0.692765,0.73,0.4903952693407014,0.692765,0.73,0.394693620617375,0.694384,0.73,0.035616,0.73,0.033121,0.034337,0.02747,0.0,0.0,6.0,
RS05_061,0.481883110428829,0.704459,0.738718,0.481883110428829,0.704459,0.738718,0.3831749759048555,0.7049,0.738718,0.033818,0.738718,0.030769,0.030856,0.030439,0.0,0.0,6.0,
RS05_062,0.4699926233794237,0.714212,0.747338,0.4699926233794237,0.714212,0.747338,0.3762854811554135,0.714212,0.747338,0.033126,0.747338,0.031444,0.029577,0.029645,0.0,0.0,6.0,
RS05_063,0.4772566565576726,0.707664,0.742065,0.4772566565576726,0.707664,0.742065,0.3787831540298633,0.710164,0.742065,0.031901,0.742065,0.03118,0.030722,0.03035,0.0,0.0,6.0,
RS05_064,0.4835030346795554,0.699889,0.73756,0.4835030346795554,0.699889,0.73756,0.3831246603836657,0.702017,0.73756,0.032586,0.73756,0.035543,0.033374,0.024541,0.0,0.0,6.0,
RS05_065,0.4794602592535434,0.704906,0.740441,0.4794602592535434,0.704906,0.740441,0.379335084943481,0.706952,0.740441,0.033489,0.740441,0.03053,0.030392,0.029793,0.0,0.0,6.0,
RS05_066,0.4759650724649946,0.709839,0.743043,0.4759650724649946,0.709839,0.743043,0.37793768614654444,0.709911,0.743043,0.031297,0.743043,0.029641,0.029851,0.033132,0.015686,0.0,6.0,
RS05_067,0.48503715560915,0.7020069999999999,0.736386,0.48503715560915,0.7020069999999999,0.736386,0.3890837556018066,0.702218,0.736386,0.034168,0.736386,0.032044,0.031669,0.03066,0.0,0.0,6.0,
RS05_068,0.5212893340546825,0.651409,0.710241,0.5212893340546825,0.651409,0.710241,0.4652037090252873,0.651409,0.710241,0.039895,0.710241,0.037731,0.058832,0.031812,0.031373,0.0,6.0,
RS05_069,0.4753192373280849,0.70912,0.742625,0.4753192373280849,0.70912,0.742625,0.3764779078773603,0.710969,0.742625,0.03151,0.742625,0.02851,0.031656,0.031425,0.0,0.0,6.0,
RS05_070,0.6194915603719477,0.542483,0.62944,0.6194915603719477,0.542483,0.62944,0.4920189449899776,0.575788,0.62944,0.032951,0.62944,0.046411,0.053652,0.03138,0.031373,0.0,6.0,
RS05_071,0.4792508720903887,0.70571,0.741601,0.4792508720903887,0.70571,0.741601,0.37490424010342016,0.7087789999999999,0.741601,0.032822,0.741601,0.029171,0.029792,0.03035,0.0,0.0,6.0,
RS05_072,0.4913310582029546,0.696007,0.732819,0.4913310582029546,0.696007,0.732819,0.38304556604151907,0.698801,0.732819,0.034018,0.732819,0.031092,0.031665,0.028099,0.003922,0.0,6.0,
RS05_073,0.4792298208277969,0.7040679999999999,0.739509,0.4792298208277969,0.7040679999999999,0.739509,0.3764713061837529,0.707128,0.739509,0.032381,0.739509,0.03006,0.029873,0.03025,0.027451,0.0,6.0,
RS05_074,0.4929551821287865,0.68198,0.729302,0.4929551821287865,0.68198,0.729302,0.37700383743605176,0.693432,0.729302,0.029272,0.729302,0.031354,0.03587,0.024991,0.317647,0.152941,6.0,
RS05_075,0.4948523453008431,0.686288,0.729062,0.4948523453008431,0.686288,0.729062,0.37477358225133234,0.694589,0.729062,0.03028,0.729062,0.026821,0.034473,0.028579,0.482353,0.003922,6.0,
RS05_076,0.4704288872957032,0.713041,0.747546,0.4704288872957032,0.713041,0.747546,0.3792888090488332,0.713041,0.747546,0.034505,0.747546,0.030816,0.028263,0.031857,0.0,0.0,6.0,
RS05_077,0.4774931095340133,0.7084379999999999,0.742176,0.4774931095340133,0.7084379999999999,0.742176,0.38063061403740156,0.7084379999999999,0.742176,0.033738,0.742176,0.030497,0.03108,0.029849,0.0,0.0,6.0,
RS05_078,0.485290725946465,0.702137,0.738001,0.485290725946465,0.702137,0.738001,0.3823804455624972,0.7024320000000001,0.738001,0.035569,0.738001,0.034066,0.028822,0.027142,0.0,0.0,6.0,
RS05_079,0.4835563922757631,0.702572,0.7377,0.4835563922757631,0.702572,0.7377,0.3865600877883181,0.703581,0.7377,0.034119,0.7377,0.031962,0.030476,0.030906,0.0,0.0,6.0,
RS05_080,0.4899816162741017,0.694853,0.733153,0.4899816162741017,0.694853,0.733153,0.38838045029046625,0.694853,0.733153,0.032905,0.733153,0.0383,0.029959,0.026824,0.0,0.0,6.0,
TJ02_067,,,,,,,0.5523129664459578,0.477467,0.560932,0.029298,0.560932,0.037505,0.083465,0.037949,0.0,0.976471,,6.0
TJ02_069,,,,,,,0.5591933204028421,0.45580800000000005,0.556529,0.023931,0.556529,0.037088,0.100721,0.037421,0.0,0.0,,5.0
TJ02_075,,,,,,,0.5660687287344947,0.47370500000000004,0.584855,0.028067,0.584855,0.036781,0.11115,0.039548,,,,5.0
TJ02_090,,,,,,,0.4582275966170601,0.593623,0.674525,0.025067,0.674525,0.026947,0.080902,0.03084,0.254902,0.0,,6.0
TJ05_023,,,,,,,0.46685995769002836,0.5477740000000001,0.62877,0.023437,0.62877,0.025277,0.080996,0.029361,0.0,0.0,,3.0
TJ05_036,,,,,,,0.5994154276109825,0.503038,0.606891,0.040279,0.606891,0.03649,0.103853,0.060333,0.0,0.0,,3.0
BCB_001,,,,,,,0.34773385766165993,0.7249019999999999,0.756828,0.031926,0.025292,0.024861,0.029116,0.756828,0.0,0.0,,7.0
BCB_002,,,,,,,0.3565758424247979,0.70584,0.739162,0.030087,0.025076,0.024471,0.033322,0.739162,0.0,0.0,,7.0
BCB_003,,,,,,,0.34244339403301755,0.708129,0.74194,0.028338,0.023915,0.02085,0.033811,0.74194,0.0,0.0,,7.0
BCB_004,,,,,,,0.3351706108915399,0.724452,0.754329,0.029647,0.023597,0.021857,0.029877,0.754329,0.0,0.0,,7.0
BCB_005,,,,,,,0.3791414327630327,0.663905,0.710275,0.029971,0.026788,0.018323,0.04637,0.710275,0.0,0.0,,7.0
BCB_006,,,,,,,0.49594491701522586,0.593368,0.649729,0.041605,0.041648,0.032073,0.056361,0.649729,0.0,0.0,,7.0
BCB_007,,,,,,,0.4226842631424908,0.682559,0.72523,0.039825,0.034,0.028736,0.042671,0.72523,0.0,0.0,,7.0
BCB_008,,,,,,,0.3833878637337039,0.7025680000000001,0.737484,0.034916,0.030855,0.028524,0.031566,0.737484,0.0,0.0,,7.0
BCB_009,,,,,,,0.42335207931048074,0.653057,0.702286,0.036267,0.03043,0.026102,0.049229,0.702286,0.0,0.0,,7.0
BCB_010,,,,,,,0.3592305270079974,0.727897,0.758963,0.029393,0.031066,0.025851,0.03076,0.758963,0.0,0.0,,7.0
BCB_011,,,,,,,0.5746096310226722,0.535576,0.602599,0.067023,0.061023,0.033923,0.049355,0.602599,0.0,0.0,,7.0
BCB_012,,,,,,,0.35976287563842463,0.7088899999999999,0.74257,0.028108,0.028473,0.024689,0.03368,0.74257,0.0,0.0,,7.0
BCB_013,,,,,,,0.3456493866099647,0.7253339999999999,0.754396,0.027723,0.029062,0.024338,0.028591,0.754396,0.0,0.0,,7.0
BCB_014,,,,,,,0.5146640101029129,0.586485,0.647518,0.036425,0.051864,0.034418,0.061033,0.647518,0.580392,0.0,,7.0
BCB_015,,,,,,,0.4068148922054103,0.662347,0.719328,0.027499,0.056981,0.023816,0.029997,0.719328,0.270588,0.0,,6.0
BCB_016,,,,,,,0.402263153962949,0.662828,0.714496,0.051668,0.030677,0.024996,0.026559,0.714496,0.0,0.0,,5.0
BCB_017,,,,,,,0.3944679582168746,0.6682710000000001,0.711959,0.024794,0.038062,0.02232,0.043688,0.711959,0.0,0.0,,5.0
BCB_018,,,,,,,0.45189923859161096,0.649672,0.698404,0.037173,0.048732,0.030812,0.039776,0.698404,0.709804,0.0,,5.0
BCB_019,,,,,,,0.6352264080796941,0.44417,0.562998,0.050847,0.118828,0.043901,0.043222,0.562998,0.007843,0.0,,5.0
BCB_020,,,,,,,0.6933010857909003,0.43656700000000004,0.538922,0.102355,0.058953,0.040272,0.091381,0.538922,0.121569,0.0,,5.0
BCB_021,,,,,,,0.6623048891396136,0.378316,0.46802,0.063849,0.032281,0.043618,0.089704,0.46802,0.0,0.0,,5.0
BCB_022,,,,,,,0.6765543607373675,0.39018300000000006,0.522584,0.048091,0.060465,0.039751,0.132401,0.522584,0.0,0.0,,5.0
BCB_023,,,,,,,0.8174618957769234,0.16871500000000003,0.361204,0.065838,0.063332,0.052466,0.192489,0.361204,0.007843,0.0,,5.0
BCB_024,,,,,,,0.5930849925612421,0.502682,0.593664,0.035956,0.090982,0.03365,0.069066,0.593664,0.376471,0.023529,,4.0
BCB_025,,,,,,,0.6894847811628337,0.40742399999999995,0.528025,0.04287,0.120601,0.043346,0.084754,0.528025,0.603922,0.0,,4.0
BCB_026,,,,,,,0.5377099639747283,0.530656,0.59456,0.033695,0.047706,0.03801,0.063904,0.59456,0.019608,0.0,,4.0
BCB_027,,,,,,,0.5965368854010153,0.47408700000000004,0.552891,0.03323,0.078804,0.033241,0.069876,0.552891,0.47451,0.0,,4.0
BCB_028,,,,,,,0.5997015426291599,0.46163899999999997,0.575722,0.032844,0.114083,0.032664,0.057068,0.575722,0.870588,0.007843,,4.0
BCB_029,,,,,,,0.6505649984028212,0.358255,0.545774,0.038544,0.187519,0.039654,0.040912,0.545774,0.086275,0.0,,4.0
BCB_031,,,,,,,0.464688705789501,0.623768,0.681916,0.031736,0.058148,0.031565,0.040258,0.681916,0.0,0.0,,4.0
RS06_001,0.4784268589574623,0.703074,0.740651,0.4784268589574623,0.703074,0.740651,0.3821533722477764,0.7040909999999999,0.740651,0.032321,0.035099,0.02242,0.03656,0.740651,0.0,0.0,5.0,
RS06_002,0.9064417553157016,0.133292,0.295334,0.9064417553157016,0.133292,0.295334,0.8397245978613476,0.133292,0.295334,0.047414,0.095817,0.038555,0.162042,0.295334,0.0,0.0,5.0,
RS06_003,0.6135836731944988,0.570501,0.647714,0.6135836731944988,0.570501,0.647714,0.56803709998408,0.570501,0.647714,0.077213,0.063968,0.049251,0.033339,0.647714,,,5.0,
RS06_004,0.5265802753364665,0.659155,0.710053,0.5265802753364665,0.659155,0.710053,0.4285261312702163,0.6674370000000001,0.710053,0.042616,0.034084,0.033907,0.034468,0.710053,0.0,0.0,5.0,
RS06_005,0.6759197935268108,0.500413,0.584612,0.6759197935268108,0.500413,0.584612,0.6029577846102115,0.500413,0.584612,0.041636,0.084199,0.034305,0.070812,0.584612,0.003922,0.0,5.0,
RS06_006,0.5288955418798414,0.662184,0.706295,0.5288955418798414,0.662184,0.706295,0.4165425355509856,0.665757,0.706295,0.036681,0.036071,0.025007,0.040538,0.706295,0.0,0.0,5.0,
RS06_007,0.5621502426594788,0.614161,0.683573,0.5621502426594788,0.614161,0.683573,0.4980257098188036,0.614161,0.683573,0.069412,0.039633,0.039145,0.035561,0.683573,,,5.0,
RS06_008,0.4652871398908246,0.7094039999999999,0.747891,0.4652871398908246,0.7094039999999999,0.747891,0.35968577505574745,0.7163499999999999,0.747891,0.030583,0.031541,0.02393,0.029651,0.747891,,,5.0,
RS06_009,0.8844123764502233,0.143916,0.335769,0.8844123764502233,0.143916,0.335769,0.7949174964331698,0.25653499999999996,0.335769,0.079234,0.05746,0.057148,0.062002,0.335769,,,5.0,
RS06_010,0.4504622491397273,0.7171280000000001,0.754133,0.4504622491397273,0.7171280000000001,0.754133,0.32757311021430036,0.724744,0.754133,0.022416,0.029389,0.022852,0.026652,0.754133,0.0,0.0,5.0,
RS06_011,0.5088116460821978,0.6779219999999999,0.720343,0.5088116460821978,0.6779219999999999,0.720343,0.4106891447496023,0.6779219999999999,0.720343,0.042421,0.031548,0.029928,0.033654,0.720343,0.0,0.0,5.0,
RS06_012,0.6619766212203311,0.524147,0.599789,0.6619766212203311,0.524147,0.599789,0.5233504452351317,0.552185,0.599789,0.047604,0.041761,0.040661,0.043206,0.599789,0.0,0.0,5.0,
RS06_013,0.4873935270792316,0.694009,0.736953,0.4873935270792316,0.694009,0.736953,0.3830227034306987,0.698824,0.736953,0.038129,0.027978,0.024946,0.03507,0.736953,0.0,0.0,5.0,
RS06_014,0.5887399507213713,0.599047,0.666843,0.5887399507213713,0.599047,0.666843,0.47229811034573993,0.616016,0.666843,0.050827,0.034734,0.032129,0.043726,0.666843,,,5.0,
RS06_015,0.552930532081217,0.638925,0.689932,0.552930532081217,0.638925,0.689932,0.45339209555908366,0.638925,0.689932,0.034271,0.051007,0.034112,0.036207,0.689932,0.047059,0.0,5.0,
RS06_016,0.708640614993521,0.481813,0.562218,0.708640614993521,0.481813,0.562218,0.6261534212089384,0.481813,0.562218,0.054226,0.080405,0.035563,0.067231,0.562218,0.0,0.0,5.0,
RS06_017,0.5001936877980483,0.673982,0.723673,0.5001936877980483,0.673982,0.723673,0.35772785408587393,0.689087,0.723673,0.027667,0.025703,0.023292,0.034586,0.723673,0.0,0.0,5.0,
RS06_018,0.5816962301053432,0.573777,0.65743,0.5816962301053432,0.573777,0.65743,0.5143334950475865,0.573777,0.65743,0.083653,0.044818,0.028941,0.034768,0.65743,0.0,0.0,5.0,
RS06_019,0.5690215029895952,0.62928,0.677426,0.5690215029895952,0.62928,0.677426,0.4671343312314136,0.6293869999999999,0.677426,0.03311,0.041969,0.037258,0.048039,0.677426,0.0,0.0,5.0,
RS06_020,0.5757099694312423,0.592533,0.666793,0.5757099694312423,0.592533,0.666793,0.3970315404497788,0.624416,0.666793,0.031747,0.021614,0.0259,0.042377,0.666793,0.0,0.0,5.0,
RS06_021,0.5108004855722006,0.672708,0.712395,0.5108004855722006,0.672708,0.712395,0.4004628091780557,0.67271,0.712395,0.032179,0.029526,0.029162,0.039685,0.712395,0.0,0.0,5.0,
RS06_022,0.6743494643206326,0.466574,0.577199,0.6743494643206326,0.466574,0.577199,0.617927776395424,0.46657400000000004,0.577199,0.110625,0.045551,0.045719,0.043416,0.577199,,,5.0,
RS06_023,0.6673274733333022,0.538117,0.599978,0.6673274733333022,0.538117,0.599978,0.5674790015152309,0.538117,0.599978,0.061861,0.055503,0.036741,0.049685,0.599978,,,5.0,
RS06_024,0.6604350856233143,0.390297,0.564036,0.6604350856233143,0.390297,0.564036,0.6114521754290041,0.390297,0.564036,0.173739,0.032398,0.03446,0.03567,0.564036,0.0,0.0,5.0,
RS06_025,0.6986887102457741,0.401926,0.548504,0.6986887102457741,0.401926,0.548504,0.6473979020112516,0.401926,0.548504,0.042055,0.146578,0.034946,0.053771,0.548504,0.0,0.0,5.0,
RS06_026,0.4631822577122279,0.708715,0.744175,0.4631822577122279,0.708715,0.744175,0.34873521273814034,0.71291,0.744175,0.031265,0.025294,0.02484,0.028378,0.744175,0.0,0.0,5.0,
RS06_027,0.4853642924362014,0.6972320000000001,0.736689,0.4853642924362014,0.6972320000000001,0.736689,0.3968812151926456,0.6972320000000001,0.736689,0.031763,0.039457,0.029116,0.032657,0.736689,0.0,0.0,5.0,
RS06_028,0.539382768389542,0.657849,0.703621,0.539382768389542,0.657849,0.703621,0.46127390426636483,0.657849,0.703621,0.043643,0.045772,0.036514,0.036759,0.703621,,,5.0,
RS06_029,0.6478224248870407,0.54547,0.606739,0.6478224248870407,0.54547,0.606739,0.5584449585269495,0.545624,0.606739,0.048311,0.061115,0.035221,0.05531,0.606739,,,5.0,
RS06_030,0.4616345337949638,0.711306,0.748936,0.4616345337949638,0.711306,0.748936,0.3529713430300083,0.716611,0.748936,0.032325,0.026171,0.025236,0.02881,0.748936,0.0,0.0,5.0,
RS06_031,0.6225222357639124,0.5649090000000001,0.621446,0.6225222357639124,0.5649090000000001,0.621446,0.5015643988977726,0.5722050000000001,0.621446,0.036186,0.044861,0.036401,0.049241,0.621446,0.0,0.0,5.0,
RS06_032,0.4680208198802472,0.7058989999999999,0.746552,0.4680208198802472,0.7058989999999999,0.746552,0.36507610586102285,0.711991,0.746552,0.028349,0.034561,0.025981,0.029288,0.746552,0.003922,0.0,5.0,
RS06_033,0.7928696133725224,0.383919,0.4837,0.7928696133725224,0.383919,0.4837,0.7276159929907142,0.383919,0.4837,0.078591,0.099781,0.056629,0.055859,0.4837,,,5.0,
RS06_034,0.792258630996829,0.350754,0.462616,0.792258630996829,0.350754,0.462616,0.6750434053983411,0.376772,0.462616,0.036575,0.085844,0.041713,0.071399,0.462616,0.007843,0.0,5.0,
RS06_035,0.5953199099793384,0.5653969999999999,0.646458,0.5953199099793384,0.5653969999999999,0.646458,0.5463714427233323,0.5653969999999999,0.646458,0.081061,0.050859,0.033487,0.04279,0.646458,0.0,0.0,5.0,
RS06_036,0.4916030376018563,0.681431,0.729818,0.4916030376018563,0.681431,0.729818,0.37725325125769443,0.695808,0.729818,0.03401,0.028775,0.027866,0.030808,0.729818,0.0,0.0,5.0,
RS06_037,0.6117263518117698,0.544813,0.636671,0.6117263518117698,0.544813,0.636671,0.4880484625412114,0.583736,0.636671,0.052935,0.040019,0.029761,0.040786,0.636671,0.0,0.0,3.0,
RS06_038,0.8049530671693258,0.258536,0.418032,0.8049530671693258,0.258536,0.418032,0.767740230386022,0.258536,0.418032,0.038519,0.1233,0.033185,0.159496,0.418032,0.552941,0.0,3.0,
RS06_039,0.691885868372241,0.374096,0.543108,0.691885868372241,0.374096,0.543108,0.6471623558429755,0.37409600000000004,0.543108,0.033269,0.169012,0.040653,0.047389,0.543108,0.231373,0.0,3.0,
RS06_040,0.7629399641191865,0.296458,0.469945,0.7629399641191865,0.296458,0.469945,0.7219282764531976,0.296458,0.469945,0.047235,0.173487,0.03592,0.068534,0.469945,0.0,0.0,3.0,
RS06_041,0.5341594574146222,0.619052,0.701064,0.5341594574146222,0.619052,0.701064,0.46567427080115714,0.619052,0.701064,0.026493,0.082012,0.02846,0.036613,0.701064,,,3.0,
RS06_042,0.5989645494984908,0.6014470000000001,0.658595,0.5989645494984908,0.6014470000000001,0.658595,0.5179787148273097,0.6014470000000001,0.658595,0.057148,0.055647,0.03675,0.038755,0.658595,0.0,0.0,3.0,
RS06_043,0.7328943658335761,0.44084,0.53376,0.7328943658335761,0.44084,0.53376,0.6393854639577938,0.44084,0.53376,0.038629,0.09292,0.044499,0.063134,0.53376,,,3.0,
RS06_044,0.5125948586597676,0.6600309999999999,0.713347,0.5125948586597676,0.6600309999999999,0.713347,0.43161427652017076,0.6600309999999999,0.713347,0.029825,0.053316,0.030671,0.035222,0.713347,0.0,0.0,3.0,
RS06_045,0.5760296030768262,0.600352,0.664975,0.5760296030768262,0.600352,0.664975,0.44096247019889945,0.619053,0.664975,0.045922,0.037282,0.026527,0.033584,0.664975,,,3.0,
TJ01_048,,,,,,,0.8149692664957753,0.25404400000000005,0.410438,0.06229,0.125846,0.044257,0.156394,0.410438,0.780392,0.0,,4.0
TJ01_049,,,,,,,0.7670937714926526,0.282003,0.446016,0.049111,0.093914,0.044381,0.164013,0.446016,0.462745,0.0,,4.0
TJ01_050,,,,,,,0.8455306051459169,0.11194599999999999,0.264082,0.04635,0.066172,0.04485,0.152136,0.264082,0.152941,0.0,,4.0
TJ02_026,,,,,,,0.7253789956290887,0.222218,0.385309,0.03719,0.047403,0.036048,0.163091,0.385309,0.035294,0.0,,5.0
TJ05_011,,,,,,,0.9168137658158032,0.085725,0.267366,0.078237,0.177323,0.056357,0.181641,0.267366,0.0,0.0,,4.0
TJ05_013,,,,,,,0.8387285984151328,0.131911,0.332326,0.041969,0.146078,0.04249,0.200415,0.332326,0.25098,0.0,,4.0
TJ05_015,,,,,,,0.8049410902340004,0.11171399999999998,0.253775,0.036964,0.045267,0.036827,0.142061,0.253775,0.007843,0.0,,4.0
TJ05_026,,,,,,,0.9073521153635487,0.08060600000000001,0.278335,0.105038,0.111711,0.048246,0.197729,0.278335,0.482353,0.0,,3.0
